mention	count	valid_range
14306 detroit	179	YES
14312 detroit	177	YES
229 and	173	SUSPECT
12400 madison	138	YES
215 and	123	SUSPECT
219 and	122	SUSPECT
13900 detroit	121	YES
14300 detroit	121	YES
12506 edgewater	119	YES
1341 marlowe	117	YES
224 and	114	SUSPECT
211 i	110	SUSPECT
211 and	108	SUSPECT
217 and	99	SUSPECT
205 and	88	SUSPECT
212 and	87	SUSPECT
11820 edgewater	83	YES
213 and	82	SUSPECT
222 and	82	SUSPECT
12900 lake	82	YES
216 and	79	SUSPECT
211 traffic	77	SUSPECT
211 i'm	74	SUSPECT
13315 detroit	72	YES
214 and	71	SUSPECT
14701 detroit	69	YES
12511 clifton	67	YES
226 and	62	SUSPECT
14401 detroit	60	YES
211 copy	59	SUSPECT
1346 cove	58	YES
1381 bunts	57	YES
13330 detroit	57	YES
1277 cove	56	YES
205 we're	56	SUSPECT
211 can	56	SUSPECT
104 thank	56	SUSPECT
117 in	54	SUSPECT
203 i'll	52	SUSPECT
11839 edgewater	52	YES
11701 detroit	51	YES
12700 lake	49	YES
221 and	49	SUSPECT
202 can	48	SUSPECT
11850 edgewater	44	YES
225 and	44	SUSPECT
202 and	42	SUSPECT
209 and	42	SUSPECT
12019 lake	42	YES
11839 clifton	41	YES
220 and	41	SUSPECT
227 and	40	SUSPECT
000 off	40	SUSPECT
117 for	39	SUSPECT
12650 detroit	39	YES
211 211	38	SUSPECT
215 traffic	38	SUSPECT
211 i'll	37	SUSPECT
209 i'm	37	SUSPECT
117 just	37	SUSPECT
117 to	36	SUSPECT
207 and	36	SUSPECT
203 can	35	SUSPECT
203 and	35	SUSPECT
11855 edgewater	35	YES
212 can	34	SUSPECT
14532 lake	34	YES
220 i	33	SUSPECT
1600 west	33	YES
229 i'm	33	SUSPECT
11849 clifton	32	YES
117 franklin	32	SUSPECT
104 and	32	SUSPECT
202 i'll	31	SUSPECT
211 you	30	SUSPECT
229 can	30	SUSPECT
1480 warren	30	YES
218 and	30	SUSPECT
12500 edgewater	30	YES
217 i	29	SUSPECT
205 traffic	29	SUSPECT
117 madison	29	SUSPECT
205 can	29	SUSPECT
18915 detroit	29	YES
225 225	29	SUSPECT
117 from	28	SUSPECT
211 we'll	28	SUSPECT
000 building	28	SUSPECT
2026 see	28	YES
12943 clifton	28	YES
208 and	27	SUSPECT
104 thanks	27	SUSPECT
2026 gmc	27	YES
203 i'm	26	SUSPECT
1430 west	26	YES
14600 detroit	26	YES
218 can	26	SUSPECT
11811 lake	26	YES
201 and	26	SUSPECT
12009 clifton	26	YES
211 we're	25	SUSPECT
209 traffic	25	SUSPECT
221 i	25	SUSPECT
117 and	25	SUSPECT
117 south	25	SUSPECT
15425 detroit	24	YES
13302 detroit	24	YES
14567 madison	24	YES
203 i	24	SUSPECT
222 can	24	SUSPECT
219 can	24	SUSPECT
15601 madison	24	YES
104 i	24	SUSPECT
215 can	23	SUSPECT
212 i'm	23	SUSPECT
202 i	23	SUSPECT
104 can	23	SUSPECT
117 with	22	SUSPECT
14755 athens	22	YES
911 call	22	SUSPECT
209 can	22	SUSPECT
12540 edgewater	22	YES
18900 detroit	22	YES
12000 edgewater	22	YES
125 06	22	SUSPECT
1570 ridgewood	22	YES
18645 detroit	22	YES
12405 franklin	22	YES
214 can	22	SUSPECT
210 and	21	SUSPECT
209 i	21	SUSPECT
211 copies	21	SUSPECT
11837 edgewater	21	YES
205 are	21	SUSPECT
14819 clifton	21	YES
14861 detroit	21	YES
13215 detroit	21	YES
229 we're	20	SUSPECT
215 i'm	20	SUSPECT
143 12	20	SUSPECT
215 i	20	SUSPECT
1450 coutant	20	YES
000 edgewater	20	SUSPECT
205 i'm	20	SUSPECT
12050 lake	20	YES
228 copy	20	SUSPECT
117 detroit	20	SUSPECT
212 we're	20	SUSPECT
202 to	19	SUSPECT
229 copy	19	SUSPECT
14601 detroit	19	YES
16407 detroit	19	YES
18616 detroit	19	YES
212 i	19	SUSPECT
1511 warren	19	YES
12112 madison	19	YES
1365 clarence	19	YES
205 i'll	18	SUSPECT
11849 edgewater	18	YES
202 are	18	SUSPECT
213 can	18	SUSPECT
217 10-7	18	SUSPECT
217 i'm	18	SUSPECT
205 i	18	SUSPECT
211 go	18	SUSPECT
14806 detroit	18	YES
15027 detroit	18	YES
1370 sloan	18	YES
1292 cove	18	YES
14815 madison	18	YES
1375 west	18	YES
2400 madison	18	YES
14013 detroit	18	YES
11720 edgewater	18	YES
4312 detroit	18	SUSPECT
12520 edgewater	18	YES
500 or	18	SUSPECT
160 brown	17	SUSPECT
150 brown	17	SUSPECT
220 to	17	SUSPECT
1369 bunts	17	YES
123 truck	17	SUSPECT
12015 clifton	17	YES
200 brown	17	SUSPECT
1342 beach	17	YES
11868 clifton	17	YES
223 and	17	SUSPECT
117 king	17	SUSPECT
108 and	17	SUSPECT
17540 madison	16	YES
12550 lake	16	YES
2017 ford	16	YES
1345 bunts	16	YES
224 i'm	16	SUSPECT
117 at	16	SUSPECT
205 10-8	16	SUSPECT
2026 chevy	16	YES
299 dock	16	SUSPECT
215 i'll	16	SUSPECT
204 and	16	SUSPECT
13511 detroit	16	YES
270 and	16	SUSPECT
17600 detroit	16	YES
2506 edgewater	16	SUSPECT
15207 madison	16	YES
11732 lake	16	YES
1635 alameda	16	YES
104 i'm	16	SUSPECT
000 000	16	SUSPECT
180 brown	15	SUSPECT
217 i'll	15	SUSPECT
117 on	15	SUSPECT
11706 clifton	15	YES
209 i'll	15	SUSPECT
14740 lakewood	15	YES
16900 detroit	15	YES
219 we're	15	SUSPECT
205 to	15	SUSPECT
15527 madison	15	YES
205 copy	15	SUSPECT
1392 webb	15	YES
117 the	15	SUSPECT
14725 detroit	15	YES
220 10-7	15	SUSPECT
12047 lake	15	YES
107 at	15	SUSPECT
15424 detroit	15	YES
600 000	15	SUSPECT
000 a	15	SUSPECT
000 local	15	SUSPECT
700 000	15	SUSPECT
000 of	15	SUSPECT
217 traffic	14	SUSPECT
229 traffic	14	SUSPECT
218 i	14	SUSPECT
117 i'm	14	SUSPECT
203 to	14	SUSPECT
1242 cove	14	YES
208 i'll	14	SUSPECT
14814 clifton	14	YES
200 black	14	SUSPECT
205 we	14	SUSPECT
222 i'll	14	SUSPECT
14718 madison	14	YES
2010 ford	14	YES
14800 madison	14	YES
14530 clifton	14	YES
16414 madison	14	YES
212 are	14	SUSPECT
2117 glenbury	14	YES
104 it's	14	SUSPECT
1631 newman	13	YES
220 can	13	SUSPECT
1337 kenilworth	13	YES
202 i'm	13	SUSPECT
15412 detroit	13	YES
228 lunch	13	SUSPECT
228 and	13	SUSPECT
215 are	13	SUSPECT
224 can	13	SUSPECT
211 10-8	13	SUSPECT
220 i'll	13	SUSPECT
2012 toyota	13	YES
14115 detroit	13	YES
2013 ford	13	YES
207 can	13	SUSPECT
12020 lake	13	YES
212 copy	13	SUSPECT
224 i	13	SUSPECT
15311 detroit	13	YES
212 copies	13	SUSPECT
212 go	13	SUSPECT
100 and	13	SUSPECT
2012 or	13	YES
299 document	13	SUSPECT
12951 harlan	12	YES
2013 chevy	12	YES
175 brown	12	SUSPECT
1443 newman	12	YES
219 traffic	12	SUSPECT
104 medic	12	SUSPECT
15322 detroit	12	YES
911 hang	12	SUSPECT
221 can	12	SUSPECT
1527 west	12	YES
1510 newman	12	YES
209 10-8	12	SUSPECT
1624 lakeland	12	YES
213 i'm	12	SUSPECT
1475 warren	12	YES
202 you	12	SUSPECT
220 i'm	12	SUSPECT
13202 hazelwood	12	YES
104 for	12	SUSPECT
205 205	12	SUSPECT
2016 chevy	12	YES
13200 madison	12	YES
219 i	12	SUSPECT
206 medic	12	SUSPECT
16803 detroit	12	YES
211 could	12	SUSPECT
205 for	12	SUSPECT
2008 chevy	12	YES
215 10-8	12	SUSPECT
1415 wyandotte	12	YES
202 medic	12	SUSPECT
11800 edgewater	12	YES
13201 madison	12	YES
212 respond	12	SUSPECT
11790 madison	12	YES
104 you	12	SUSPECT
211 to	11	SUSPECT
209 we're	11	SUSPECT
1622 lakewood	11	YES
202 is	11	SUSPECT
17920 detroit	11	YES
226 can	11	SUSPECT
314 medic	11	SUSPECT
211 are	11	SUSPECT
14300 madison	11	YES
216 i'm	11	SUSPECT
15010 madison	11	YES
117 i'll	11	SUSPECT
208 can	11	SUSPECT
18605 detroit	11	YES
219 i'm	11	SUSPECT
2017 toyota	11	YES
219 i'll	11	SUSPECT
218 i'm	11	SUSPECT
2026 kia	11	YES
1343 beach	11	YES
205 medic	11	SUSPECT
2014 black	11	YES
117 north	11	SUSPECT
215 madison	11	SUSPECT
214 go	11	SUSPECT
214 i	11	SUSPECT
2014 toyota	11	YES
15730 madison	11	YES
13437 madison	11	YES
1557 newman	11	YES
100 17	11	SUSPECT
12000 building	11	YES
2011 or	11	YES
1568 waterbury	10	YES
2025 by	10	YES
210 medic	10	SUSPECT
229 i	10	SUSPECT
140 brown	10	SUSPECT
1425 clifton	10	YES
203 we'll	10	SUSPECT
203 may	10	SUSPECT
221 traffic	10	SUSPECT
12030 lake	10	YES
160 black	10	SUSPECT
224 are	10	SUSPECT
209 10-7	10	SUSPECT
216 we're	10	SUSPECT
11900 edgewater	10	YES
203 copy	10	SUSPECT
2018 chevy	10	YES
213 i	10	SUSPECT
2900 lake	10	SUSPECT
2003 22	10	YES
4300 detroit	10	SUSPECT
16408 madison	10	YES
11850 south	10	YES
2011 ford	10	YES
208 are	10	SUSPECT
1385 manor	10	YES
1432 cordova	10	YES
211 on	10	SUSPECT
1293 hall	10	YES
219 go	10	SUSPECT
210 for	10	SUSPECT
16000 detroit	10	YES
11701 clifton	10	YES
220 go	10	SUSPECT
1536 alameda	10	YES
2038 lincoln	10	YES
204 i'm	10	SUSPECT
207 i	10	SUSPECT
13439 clifton	10	YES
2117 glenberry	10	YES
1294 cove	10	YES
299 copy	10	SUSPECT
119 copy	10	SUSPECT
104 do	10	SUSPECT
229 we'll	9	SUSPECT
2015 chevy	9	YES
229 i'll	9	SUSPECT
309 medic	9	SUSPECT
217 we're	9	SUSPECT
12120 madison	9	YES
15615 madison	9	YES
117 it's	9	SUSPECT
135 brown	9	SUSPECT
1820 edgewater	9	YES
2021 honda	9	YES
217 for	9	SUSPECT
221 24	9	SUSPECT
2010 toyota	9	YES
222 traffic	9	SUSPECT
2012 ford	9	YES
14523 madison	9	YES
319 with	9	SUSPECT
205 madison	9	SUSPECT
216 traffic	9	SUSPECT
215 to	9	SUSPECT
12075 lake	9	YES
1269 clifton	9	YES
202 we're	9	SUSPECT
2013 hyundai	9	YES
217 are	9	SUSPECT
219 are	9	SUSPECT
12203 clifton	9	YES
15314 madison	9	YES
16601 madison	9	YES
212 to	9	SUSPECT
14100 detroit	9	YES
229 to	9	SUSPECT
13531 detroit	9	YES
11821 detroit	9	YES
211 is	9	SUSPECT
221 i'll	9	SUSPECT
1314 west	9	YES
212 is	9	SUSPECT
11825 lake	9	YES
203 is	9	SUSPECT
924 medic	9	SUSPECT
2007 18	9	YES
203 you	9	SUSPECT
201 can	9	SUSPECT
2011 toyota	9	YES
1255 west	9	YES
12915 clover	9	YES
2211 arthur	9	YES
2014 ford	9	YES
2020 chevy	9	YES
13029 madison	9	YES
1363 bunts	9	YES
17103 detroit	9	YES
14521 clifton	9	YES
1016 f	9	YES
104 the	9	SUSPECT
211 at	8	SUSPECT
211 will	8	SUSPECT
218 we	8	SUSPECT
2216 eldred	8	YES
229 are	8	SUSPECT
213 traffic	8	SUSPECT
14513 athens	8	YES
213 are	8	SUSPECT
15324 clifton	8	YES
1691 robinwood	8	YES
217 can	8	SUSPECT
170 brown	8	SUSPECT
2001 24	8	YES
2062 robin	8	YES
2000 25	8	YES
208 traffic	8	SUSPECT
225 black	8	SUSPECT
203 are	8	SUSPECT
203 go	8	SUSPECT
222 go	8	SUSPECT
150 black	8	SUSPECT
205 notes	8	SUSPECT
204 can	8	SUSPECT
301 medic	8	SUSPECT
195 brown	8	SUSPECT
2018 ford	8	YES
2024 kia	8	YES
209 could	8	SUSPECT
218 are	8	SUSPECT
209 copy	8	SUSPECT
2026 expires	8	YES
2025 kia	8	YES
211 10-7	8	SUSPECT
2023 black	8	YES
208 i	8	SUSPECT
224 you	8	SUSPECT
2010 black	8	YES
1341 marlow	8	YES
513 medic	8	SUSPECT
000 detroit	8	SUSPECT
212 i'll	8	SUSPECT
1538 west	8	YES
2139 glenberry	8	YES
1450 belle	8	YES
216 are	8	SUSPECT
11801 clifton	8	YES
280 or	8	SUSPECT
12039 edgewater	8	YES
2009 chevy	8	YES
218 i'll	8	SUSPECT
1614 lakewood	8	YES
303 medic	8	SUSPECT
2700 lake	8	SUSPECT
12060 lake	8	YES
205 that	8	SUSPECT
1384 beach	8	YES
301 for	8	SUSPECT
307 for	8	SUSPECT
203 we're	8	SUSPECT
12231 clifton	8	YES
273 and	8	SUSPECT
13751 madison	8	YES
2023 nissan	8	YES
1556 newman	8	YES
214 i'll	8	SUSPECT
215 10-7	8	SUSPECT
117 clifton	8	SUSPECT
14530 madison	8	YES
202 for	8	SUSPECT
200 madison	8	SUSPECT
1514 hopkins	8	YES
15610 madison	8	YES
1438 hopkins	8	YES
1279 andrews	8	YES
208 go	8	SUSPECT
224 respond	8	SUSPECT
2061 carabel	8	YES
1245 hathaway	8	YES
2009 morrison	8	YES
273 go	8	SUSPECT
16915 detroit	8	YES
207 are	8	SUSPECT
1323 lakewood	8	YES
1447 ridgewood	8	YES
11922 madison	8	YES
13437 clifton	8	YES
202 could	8	SUSPECT
13535 detroit	8	YES
1322 sloan	8	YES
225 can	8	SUSPECT
14227 delaware	8	YES
104 in	8	SUSPECT
10107 at	8	SUSPECT
5601 madison	8	SUSPECT
108 with	8	SUSPECT
104 i'll	8	SUSPECT
2511 clifton	8	SUSPECT
15118 detroit	8	YES
210 i'm	7	SUSPECT
220 you	7	SUSPECT
2148 waterbury	7	YES
190 black	7	SUSPECT
202 if	7	SUSPECT
2022 toyota	7	YES
2015 lark	7	YES
180 black	7	SUSPECT
2012 black	7	YES
2006 toyota	7	YES
1385 riverside	7	YES
224 10-8	7	SUSPECT
205 he's	7	SUSPECT
11843 edgewater	7	YES
1450 west	7	YES
2024 ford	7	YES
203 on	7	SUSPECT
209 go	7	SUSPECT
216 we'll	7	SUSPECT
11904 detroit	7	YES
211 10-4	7	SUSPECT
216 can	7	SUSPECT
103 for	7	SUSPECT
2013 kia	7	YES
221 i'm	7	SUSPECT
222 i'm	7	SUSPECT
908 medic	7	SUSPECT
1016 c	7	YES
205 you	7	SUSPECT
2011 chevy	7	YES
924 for	7	SUSPECT
117 that's	7	SUSPECT
117 i	7	SUSPECT
2019 black	7	YES
201 we're	7	SUSPECT
117 medic	7	SUSPECT
2005 chevy	7	YES
11851 detroit	7	YES
1492 ridgewood	7	YES
17315 madison	7	YES
2022 white	7	YES
203 medic	7	SUSPECT
221 the	7	SUSPECT
214 i'm	7	SUSPECT
2015 toyota	7	YES
2012 nissan	7	YES
219 for	7	SUSPECT
14615 detroit	7	YES
13123 detroit	7	YES
13728 madison	7	YES
1438 winchester	7	YES
12215 clifton	7	YES
2200 lewis	7	YES
12543 clifton	7	YES
502 medic	7	SUSPECT
1026 medic	7	YES
2016 ford	7	YES
1634 winchester	7	YES
12500 detroit	7	YES
609 medic	7	SUSPECT
220 traffic	7	SUSPECT
203 if	7	SUSPECT
211 do	7	SUSPECT
229 go	7	SUSPECT
2008 18	7	YES
1549 rockway	7	YES
2019 lake	7	YES
119 22	7	SUSPECT
1615 warren	7	YES
2016 white	7	YES
2018 blue	7	YES
118 20	7	SUSPECT
1347 belle	7	YES
213 10-8	7	SUSPECT
219 to	7	SUSPECT
2230 lincoln	7	YES
270 is	7	SUSPECT
12026 clifton	7	YES
207 to	7	SUSPECT
1600 newman	7	YES
205 go	7	SUSPECT
11711 lake	7	YES
1272 warren	7	YES
2112 northland	7	YES
1361 phelps	7	YES
1580 lauderdale	7	YES
1481 st	7	YES
1659 rosewood	7	YES
212 could	7	SUSPECT
1508 lauderdale	7	YES
1298 edwards	7	YES
2020 honda	7	YES
1670 lauderdale	7	YES
12102 madison	7	YES
116 with	7	SUSPECT
2017 silver	7	YES
104 just	7	SUSPECT
16934 detroit	7	YES
1586 coutant	7	YES
1415 clearance	7	YES
1990 35	7	YES
2020 '6	7	YES
107 on	7	SUSPECT
000 miles	7	SUSPECT
218 we'll	6	SUSPECT
217 dl	6	SUSPECT
2024 honda	6	YES
190 brown	6	SUSPECT
1231 of	6	YES
202 we'll	6	SUSPECT
18120 sloan	6	YES
273 traffic	6	SUSPECT
14710 lake	6	YES
306 medic	6	SUSPECT
1277 code	6	YES
506 medic	6	SUSPECT
115 of	6	SUSPECT
11713 lake	6	YES
202 did	6	SUSPECT
2117 halstead	6	YES
1274 idlewood	6	YES
202 on	6	SUSPECT
2017 red	6	YES
100 sure	6	SUSPECT
203 he's	6	SUSPECT
226 i'm	6	SUSPECT
2018 black	6	YES
209 are	6	SUSPECT
2015 nissan	6	YES
205 check	6	SUSPECT
2024 volkswagen	6	YES
212 10-7	6	SUSPECT
122 23	6	SUSPECT
229 you	6	SUSPECT
321 and	6	SUSPECT
201 for	6	SUSPECT
215 go	6	SUSPECT
721 medic	6	SUSPECT
221 10-7	6	SUSPECT
13340 madison	6	YES
1325 lakeland	6	YES
2015 ford	6	YES
221 to	6	SUSPECT
120 15	6	SUSPECT
1374 west	6	YES
2018 jeep	6	YES
205 back	6	SUSPECT
1850 edgewater	6	YES
175 000	6	SUSPECT
000 points	6	SUSPECT
220 brown	6	SUSPECT
2007 honda	6	YES
228 i'm	6	SUSPECT
12002 lake	6	YES
131 23	6	SUSPECT
321 i	6	SUSPECT
165 brown	6	SUSPECT
250 black	6	SUSPECT
2050 brown	6	YES
219 copy	6	SUSPECT
2021 black	6	YES
2022 chevy	6	YES
1311 bonnyview	6	YES
1227 cranford	6	YES
2015 chrysler	6	YES
205 10-7	6	SUSPECT
206 i	6	SUSPECT
212 will	6	SUSPECT
118 25	6	SUSPECT
1431 to	6	YES
224 traffic	6	SUSPECT
2149 brown	6	YES
1513 waterbury	6	YES
2002 23	6	YES
1522 west	6	YES
202 copy	6	SUSPECT
101 for	6	SUSPECT
101 medic	6	SUSPECT
2024 black	6	YES
105 for	6	SUSPECT
211 the	6	SUSPECT
1615 newman	6	YES
14321 detroit	6	YES
1229 cranford	6	YES
270 can	6	SUSPECT
201 i'm	6	SUSPECT
142 27	6	SUSPECT
12505 edgewater	6	YES
2020 jeep	6	YES
1365 clearance	6	YES
2013 white	6	YES
116 king	6	SUSPECT
202 do	6	SUSPECT
229 we	6	SUSPECT
1232 hall	6	YES
2016 nissan	6	YES
2020 white	6	YES
14032 lakewood	6	YES
2002 clarence	6	YES
1685 lincoln	6	YES
520 medic	6	SUSPECT
14221 madison	6	YES
2020 kia	6	YES
2198 lewis	6	YES
298 copy	6	SUSPECT
11850 at	6	YES
204 we're	6	SUSPECT
13100 madison	6	YES
203 for	6	SUSPECT
1548 west	6	YES
300 detroit	6	SUSPECT
1633 hopkins	6	YES
11822 detroit	6	YES
2003 chevy	6	YES
214 are	6	SUSPECT
15325 lake	6	YES
16802 delaware	6	YES
1375 bunts	6	YES
511 medic	6	SUSPECT
2013 honda	6	YES
11709 lake	6	YES
11709 madison	6	YES
1656 wagar	6	YES
212 on	6	SUSPECT
2026 35	6	YES
18414 detroit	6	YES
2113 brown	6	YES
215 we're	6	SUSPECT
2026 no	6	YES
16725 lake	6	YES
908 for	6	SUSPECT
215 vehicle	6	SUSPECT
2033 chesterland	6	YES
1519 lakeland	6	YES
11738 lake	6	YES
18514 detroit	6	YES
218 copy	6	SUSPECT
2022 black	6	YES
12200 madison	6	YES
1253 granger	6	YES
213 go	6	SUSPECT
214 212	6	SUSPECT
2015 jeep	6	YES
207 i'll	6	SUSPECT
15501 detroit	6	YES
2075 clarence	6	YES
2020 gray	6	YES
1341 lakeland	6	YES
207 we're	6	SUSPECT
16910 detroit	6	YES
227 respond	6	SUSPECT
2148 northland	6	YES
12806 madison	6	YES
108 for	6	SUSPECT
206 the	6	SUSPECT
13000 athens	6	YES
1414 elber	6	YES
207 i'm	6	SUSPECT
2012 chevy	6	YES
1591 riverside	6	YES
219 could	6	SUSPECT
207 will	6	SUSPECT
1352 kenilworth	6	YES
1421 waterbury	6	YES
2147 mckinley	6	YES
2010 honda	6	YES
512 medic	6	SUSPECT
406 medic	6	SUSPECT
1312 sloan	6	YES
12701 plover	6	YES
208 could	6	SUSPECT
117 they	6	SUSPECT
2014 chevy	6	YES
1441 alameda	6	YES
108 i'll	6	SUSPECT
2017 arthur	6	YES
2023 robin	6	YES
1289 brockley	6	YES
12202 clifton	6	YES
901 call	6	SUSPECT
2015 black	6	YES
2022 lincoln	6	YES
159 copy	6	SUSPECT
108 can	6	SUSPECT
4401 detroit	6	SUSPECT
2650 detroit	6	SUSPECT
11823 detroit	6	YES
100 '17	6	SUSPECT
17526 madison	6	YES
4306 detroit	6	SUSPECT
429 you	6	SUSPECT
128 copy	6	SUSPECT
2006 19	6	YES
104 she	6	SUSPECT
148 copy	6	SUSPECT
12227 clifton	6	YES
2117 halsted	6	YES
11843 lake	6	YES
240 brown	5	SUSPECT
1655 elmwood	5	YES
217 if	5	SUSPECT
202 respond	5	SUSPECT
217 to	5	SUSPECT
218 radio	5	SUSPECT
209 you	5	SUSPECT
329 we're	5	SUSPECT
840 medic	5	SUSPECT
1466 winchester	5	YES
272 i	5	SUSPECT
249 i	5	SUSPECT
1450 parkwood	5	YES
220 of	5	SUSPECT
282 i'm	5	SUSPECT
2005 honda	5	YES
220 could	5	SUSPECT
2014 honda	5	YES
118 49	5	SUSPECT
215 on	5	SUSPECT
210 i	5	SUSPECT
1594 alameda	5	YES
618 medic	5	SUSPECT
2010 chevy	5	YES
1559 lakeland	5	YES
230 brown	5	SUSPECT
1344 beach	5	YES
130 brown	5	SUSPECT
185 brown	5	SUSPECT
12220 madison	5	YES
2018 dodge	5	YES
1382 cove	5	YES
2016 toyota	5	YES
206 i'm	5	SUSPECT
202 kufner	5	SUSPECT
11906 madison	5	YES
2018 honda	5	YES
1545 coutant	5	YES
18515 detroit	5	YES
12530 lake	5	YES
2017 gray	5	YES
165 black	5	SUSPECT
12905 madison	5	YES
2018 subaru	5	YES
2026 44	5	YES
11801 lake	5	YES
203 did	5	SUSPECT
2018 gray	5	YES
2017 hyundai	5	YES
2010 nissan	5	YES
205 he	5	SUSPECT
2020 nissan	5	YES
224 we're	5	SUSPECT
224 on	5	SUSPECT
216 we	5	SUSPECT
216 10-4	5	SUSPECT
629 and	5	SUSPECT
216 i	5	SUSPECT
12405 detroit	5	YES
205 at	5	SUSPECT
211 disregard	5	SUSPECT
1621 medic	5	YES
251 can	5	SUSPECT
18240 detroit	5	YES
15607 detroit	5	YES
227 i'm	5	SUSPECT
13306 detroit	5	YES
2012 honda	5	YES
2008 honda	5	YES
1308 ramona	5	YES
228 are	5	SUSPECT
222 i	5	SUSPECT
14312 apartment	5	YES
2016 honda	5	YES
223 i'm	5	SUSPECT
2023 toyota	5	YES
14837 detroit	5	YES
2026 honda	5	YES
200 in	5	SUSPECT
140 black	5	SUSPECT
103 medic	5	SUSPECT
1503 cohasset	5	YES
2050 lake	5	YES
205 no	5	SUSPECT
205 it's	5	SUSPECT
205 the	5	SUSPECT
129 43	5	SUSPECT
119 with	5	SUSPECT
1577 newman	5	YES
14909 clifton	5	YES
2026 43	5	YES
11841 lake	5	YES
209 to	5	SUSPECT
2009 toyota	5	YES
1610 ridgewood	5	YES
2016 jeep	5	YES
208 i'm	5	SUSPECT
1470 victoria	5	YES
1045 parkside	5	YES
703 medic	5	SUSPECT
118 01	5	SUSPECT
15500 detroit	5	YES
14534 madison	5	YES
1498 west	5	YES
12021 edgewater	5	YES
2016 black	5	YES
2013 toyota	5	YES
13395 madison	5	YES
11900 detroit	5	YES
15111 detroit	5	YES
222 copy	5	SUSPECT
11835 clifton	5	YES
1687 robinwood	5	YES
203 10-7	5	SUSPECT
145 black	5	SUSPECT
11820 lake	5	YES
14808 lake	5	YES
417 you	5	SUSPECT
214 if	5	SUSPECT
15707 detroit	5	YES
210 can	5	SUSPECT
703 for	5	SUSPECT
2024 chevy	5	YES
1346 go	5	YES
2020 hyundai	5	YES
1391 warren	5	YES
204 is	5	SUSPECT
314 for	5	SUSPECT
118 50	5	SUSPECT
216 go	5	SUSPECT
2018 white	5	YES
13322 madison	5	YES
2058 robin	5	YES
1423 riverside	5	YES
520 for	5	SUSPECT
203 do	5	SUSPECT
508 medic	5	SUSPECT
1218 gladys	5	YES
218 you	5	SUSPECT
204 to	5	SUSPECT
2019 hyundai	5	YES
2014 subaru	5	YES
214 to	5	SUSPECT
1285 hall	5	YES
2016 gray	5	YES
219 we'll	5	SUSPECT
208 is	5	SUSPECT
13740 madison	5	YES
16711 lake	5	YES
2019 jeep	5	YES
205 we'll	5	SUSPECT
1502 lakeland	5	YES
1481 wyandotte	5	YES
14100 franklin	5	YES
2030 robin	5	YES
201 i'll	5	SUSPECT
117 john	5	SUSPECT
3330 detroit	5	SUSPECT
1630 west	5	YES
224 in	5	SUSPECT
401 for	5	SUSPECT
2017 kia	5	YES
2023 chevy	5	YES
214 14	5	SUSPECT
11821 davis	5	YES
13229 madison	5	YES
12228 clifton	5	YES
1209 clifton	5	YES
214 19	5	SUSPECT
1349 marlowe	5	YES
17625 detroit	5	YES
1414 grace	5	YES
106 female	5	SUSPECT
18101 clifton	5	YES
1518 woodward	5	YES
1855 edgewater	5	YES
1625 alameda	5	YES
130 medic	5	SUSPECT
321 of	5	SUSPECT
2200 atkins	5	YES
2006 ford	5	YES
217 at	5	SUSPECT
601 medic	5	SUSPECT
1170 french	5	YES
118 55	5	SUSPECT
280 on	5	SUSPECT
212 you	5	SUSPECT
18725 detroit	5	YES
220 is	5	SUSPECT
1636 elmwood	5	YES
117 he	5	SUSPECT
17033 madison	5	YES
1251 marlowe	5	YES
1652 lincoln	5	YES
11715 nelson	5	YES
108 i	5	SUSPECT
18520 detroit	5	YES
130 black	5	SUSPECT
15914 lakewood	5	YES
845 beach	5	SUSPECT
2038 mcgee	5	YES
13405 madison	5	YES
1418 wyandotte	5	YES
13520 elber	5	YES
225 i	5	SUSPECT
224 is	5	SUSPECT
2367 woodward	5	YES
2023 hyundai	5	YES
211 respond	5	SUSPECT
16401 delaware	5	YES
212 check	5	SUSPECT
1226 ramona	5	YES
112 with	5	SUSPECT
3900 detroit	5	SUSPECT
17469 clifton	5	YES
1446 medic	5	YES
2021 gray	5	YES
212 19	5	SUSPECT
212 12	5	SUSPECT
408 medic	5	SUSPECT
1382 beach	5	YES
18101 detroit	5	YES
1470 warren	5	YES
2012 gmc	5	YES
1433 male	5	YES
13705 madison	5	YES
1388 riverside	5	YES
1321 matthews	5	YES
511 of	5	SUSPECT
228 respond	5	SUSPECT
205 is	5	SUSPECT
208 will	5	SUSPECT
1303 cove	5	YES
2275 warren	5	YES
1331 lakewood	5	YES
1374 geel	5	YES
204 i	5	SUSPECT
207 respond	5	SUSPECT
1689 bunts	5	YES
204 are	5	SUSPECT
12525 lake	5	YES
104 he's	5	SUSPECT
1615 waterbury	5	YES
13509 detroit	5	YES
226 i	5	SUSPECT
211 medic	5	SUSPECT
1612 newman	5	YES
14235 madison	5	YES
2021 toyota	5	YES
13114 detroit	5	YES
1417 male	5	YES
13389 madison	5	YES
220 vehicle	5	SUSPECT
104 it	5	SUSPECT
104 yeah	5	SUSPECT
1622 winchester	5	YES
104 25	5	SUSPECT
911 and	5	SUSPECT
1998 27	5	YES
20375 center	5	SUSPECT
17460 clifton	5	YES
2026 the	5	YES
104 15	5	SUSPECT
1016 on	5	YES
2025 chevy	5	YES
104 are	5	SUSPECT
1444 westwood	5	YES
2026 1	5	YES
12518 clifton	5	YES
2147 riverside	5	YES
429 disregard	5	SUSPECT
1405 hopkins	5	YES
500 custom	5	SUSPECT
2026 silverado	5	YES
200 atkins	5	SUSPECT
107 in	5	SUSPECT
1250 virginia	5	YES
12019 lakewood	4	YES
117 right	4	SUSPECT
2019 gray	4	YES
203 will	4	SUSPECT
203 they're	4	SUSPECT
14802 clifton	4	YES
202 10-7	4	SUSPECT
125 50	4	SUSPECT
217 medic	4	SUSPECT
1332 west	4	YES
218 we're	4	SUSPECT
208 you	4	SUSPECT
2216 eldridge	4	YES
1436 alameda	4	YES
145 23	4	SUSPECT
311 i'm	4	SUSPECT
218 is	4	SUSPECT
17433 edgewater	4	YES
300 brown	4	SUSPECT
2002 honda	4	YES
15800 detroit	4	YES
113 i'm	4	SUSPECT
282 on	4	SUSPECT
15115 lake	4	YES
17480 clifton	4	YES
1359 albert	4	YES
215 215	4	SUSPECT
740 medic	4	SUSPECT
1212 bunts	4	YES
114 65	4	SUSPECT
114 medic	4	SUSPECT
920 of	4	SUSPECT
1333 sloan	4	YES
215 will	4	SUSPECT
120 29	4	SUSPECT
213 to	4	SUSPECT
218 if	4	SUSPECT
260 brown	4	SUSPECT
229 could	4	SUSPECT
208 copy	4	SUSPECT
4227 delaware	4	SUSPECT
211 this	4	SUSPECT
421 of	4	SUSPECT
414 medic	4	SUSPECT
151 19	4	SUSPECT
208 for	4	SUSPECT
2022 ford	4	YES
217 on	4	SUSPECT
125 11	4	SUSPECT
211 all	4	SUSPECT
12925 clifton	4	YES
1497 winton	4	YES
2011 bunts	4	YES
270 10-8	4	SUSPECT
2024 nissan	4	YES
1496 west	4	YES
2065 atkins	4	YES
1604 alameda	4	YES
2268 emily	4	YES
203 what	4	SUSPECT
1425 waterbury	4	YES
2014 ram	4	YES
270 traffic	4	SUSPECT
213 229	4	SUSPECT
203 that	4	SUSPECT
500 in	4	SUSPECT
11864 clifton	4	YES
1483 newman	4	YES
211 just	4	SUSPECT
229 205	4	SUSPECT
222 you	4	SUSPECT
224 could	4	SUSPECT
229 kufner	4	SUSPECT
260 we're	4	SUSPECT
1599 westwood	4	YES
214 15	4	SUSPECT
226 we're	4	SUSPECT
222 is	4	SUSPECT
1326 thoreau	4	YES
216 that	4	SUSPECT
205 on	4	SUSPECT
202 what's	4	SUSPECT
2016 kia	4	YES
2017 blue	4	YES
1675 roosevelt	4	YES
000 on	4	SUSPECT
1441 newman	4	YES
1475 winchester	4	YES
1354 park	4	YES
116 i'll	4	SUSPECT
117 lake	4	SUSPECT
115 king	4	SUSPECT
213 i'll	4	SUSPECT
2015 dodge	4	YES
2015 robin	4	YES
365 gambling	4	SUSPECT
209 they're	4	SUSPECT
150 and	4	SUSPECT
221 you	4	SUSPECT
14805 clifton	4	YES
11926 madison	4	YES
2012 jeep	4	YES
212 radio	4	SUSPECT
402 medic	4	SUSPECT
300 medic	4	SUSPECT
531 of	4	SUSPECT
209 notes	4	SUSPECT
202 traffic	4	SUSPECT
202 that	4	SUSPECT
209 medic	4	SUSPECT
1309 westlake	4	YES
208 to	4	SUSPECT
209 is	4	SUSPECT
205 respond	4	SUSPECT
205 vehicle	4	SUSPECT
2014 white	4	YES
153 22	4	SUSPECT
224 we'll	4	SUSPECT
324 and	4	SUSPECT
229 at	4	SUSPECT
2207 glenbury	4	YES
212 the	4	SUSPECT
2190 bunts	4	YES
117 is	4	SUSPECT
1540 newman	4	YES
211 24	4	SUSPECT
12507 franklin	4	YES
1275 clifton	4	YES
1383 bonnevue	4	YES
207 7	4	SUSPECT
212 at	4	SUSPECT
116 window	4	SUSPECT
11805 north	4	YES
203 respond	4	SUSPECT
209 kufner's	4	SUSPECT
14322 madison	4	YES
131 of	4	SUSPECT
319 and	4	SUSPECT
331 of	4	SUSPECT
1447 lewis	4	YES
2020 toyota	4	YES
329 and	4	SUSPECT
605 medic	4	SUSPECT
2103 robin	4	YES
1462 lakeland	4	YES
211 that's	4	SUSPECT
12206 clifton	4	YES
209 madison	4	SUSPECT
2038 robin	4	YES
11733 edgewater	4	YES
2216 alger	4	YES
1468 coutant	4	YES
14312 number	4	YES
2015 white	4	YES
201 to	4	SUSPECT
906 medic	4	SUSPECT
15413 lakewood	4	YES
211 you're	4	SUSPECT
127 of	4	SUSPECT
2008 ford	4	YES
205 kufner	4	SUSPECT
13880 edgewater	4	YES
212 traffic	4	SUSPECT
2019 mckinley	4	YES
924 72	4	SUSPECT
11829 clifton	4	YES
219 this	4	SUSPECT
224 i'll	4	SUSPECT
323 medic	4	SUSPECT
17533 madison	4	YES
205 211	4	SUSPECT
404 medic	4	SUSPECT
204 copy	4	SUSPECT
216 or	4	SUSPECT
2013 dodge	4	YES
1169 french	4	YES
230 black	4	SUSPECT
2095 northland	4	YES
111 medic	4	SUSPECT
314 of	4	SUSPECT
2011 quail	4	YES
11810 lake	4	YES
236 for	4	SUSPECT
1010 medic	4	YES
205 do	4	SUSPECT
14412 detroit	4	YES
1515 westwood	4	YES
215 you	4	SUSPECT
216 i'll	4	SUSPECT
17105 madison	4	YES
229 10-7	4	SUSPECT
17525 madison	4	YES
201 medic	4	SUSPECT
1489 wyandotte	4	YES
15514 madison	4	YES
2019 woodward	4	YES
235 black	4	SUSPECT
1422 rio	4	YES
221 copy	4	SUSPECT
14901 lake	4	YES
2022 blue	4	YES
1472 cordova	4	YES
205 could	4	SUSPECT
1357 riverside	4	YES
2021 ford	4	YES
2010 silver	4	YES
210 are	4	SUSPECT
225 i'm	4	SUSPECT
201 you	4	SUSPECT
1543 orchard	4	YES
1635 orchard	4	YES
14900 lakewood	4	YES
203 at	4	SUSPECT
206 and	4	SUSPECT
215 is	4	SUSPECT
1494 orchard	4	YES
203 we	4	SUSPECT
2132 lewis	4	YES
215 clifton	4	SUSPECT
1266 cove	4	YES
213 219	4	SUSPECT
270 to	4	SUSPECT
13396 madison	4	YES
828 of	4	SUSPECT
18204 detroit	4	YES
210 franklin	4	SUSPECT
1247 marlowe	4	YES
219 that	4	SUSPECT
315 medic	4	SUSPECT
12053 lake	4	YES
1471 arthur	4	YES
12402 madison	4	YES
14300 number	4	YES
204 for	4	SUSPECT
2104 lark	4	YES
1381 bunce	4	YES
16512 detroit	4	YES
307 medic	4	SUSPECT
117 we're	4	SUSPECT
2057 robin	4	YES
1341 marlo	4	YES
2900 detroit	4	SUSPECT
12601 lake	4	YES
1269 manor	4	YES
1699 valley	4	YES
626 of	4	SUSPECT
1345 beach	4	YES
2207 clearance	4	YES
17514 detroit	4	YES
1561 alameda	4	YES
17531 madison	4	YES
18891 detroit	4	YES
1510 hopkins	4	YES
2014 hyundai	4	YES
2550 lake	4	SUSPECT
143 detroit	4	SUSPECT
325 of	4	SUSPECT
129 99	4	SUSPECT
11710 nelson	4	YES
2004 honda	4	YES
211 that	4	SUSPECT
17102 detroit	4	YES
12221 clifton	4	YES
224 go	4	SUSPECT
305 medic	4	SUSPECT
1423 lauderdale	4	YES
16207 detroit	4	YES
224 to	4	SUSPECT
611 for	4	SUSPECT
114 for	4	SUSPECT
13230 detroit	4	YES
2050 robin	4	YES
203 the	4	SUSPECT
1436 arthur	4	YES
12901 detroit	4	YES
123 lake	4	SUSPECT
1584 lincoln	4	YES
2160 atkins	4	YES
2027 bunts	4	YES
2008 black	4	YES
227 i'll	4	SUSPECT
118 35	4	SUSPECT
1441 woodward	4	YES
100 pounds	4	SUSPECT
12029 clifton	4	YES
2015 honda	4	YES
213 we're	4	SUSPECT
207 did	4	SUSPECT
1527 wyandotte	4	YES
226 are	4	SUSPECT
17436 clifton	4	YES
411 medic	4	SUSPECT
104 detroit	4	SUSPECT
1427 wyandotte	4	YES
12958 clifton	4	YES
1487 ridgewood	4	YES
186 16	4	SUSPECT
2019 toyota	4	YES
850 beach	4	SUSPECT
1446 lakewood	4	YES
207 the	4	SUSPECT
14027 madison	4	YES
214 208	4	SUSPECT
2034 reveley	4	YES
14623 bays	4	YES
1584 larchmont	4	YES
17545 madison	4	YES
2012 gray	4	YES
1421 marlowe	4	YES
1618 lakewood	4	YES
207 copy	4	SUSPECT
1342 hurd	4	YES
16204 detroit	4	YES
270 could	4	SUSPECT
11728 detroit	4	YES
212 what	4	SUSPECT
13363 madison	4	YES
2007 black	4	YES
208 we're	4	SUSPECT
1225 andrews	4	YES
218 go	4	SUSPECT
2233 bunts	4	YES
2100 lark	4	YES
1336 heard	4	YES
1464 roycroft	4	YES
155 brown	4	SUSPECT
1441 rockway	4	YES
18206 detroit	4	YES
1230 arlington	4	YES
14239 detroit	4	YES
207 we'll	4	SUSPECT
1379 bunts	4	YES
11840 southline	4	YES
208 if	4	SUSPECT
616 of	4	SUSPECT
212 if	4	SUSPECT
215 27	4	SUSPECT
222 did	4	SUSPECT
1327 bonnevue	4	YES
424 of	4	SUSPECT
117 so	4	SUSPECT
2500 edgewater	4	YES
208 respond	4	SUSPECT
218 to	4	SUSPECT
16901 lake	4	YES
13436 clifton	4	YES
1595 winchester	4	YES
13303 madison	4	YES
1360 belle	4	YES
216 respond	4	SUSPECT
1426 newman	4	YES
2020 black	4	YES
714 for	4	SUSPECT
714 medic	4	SUSPECT
1551 lakeland	4	YES
11825 detroit	4	YES
107 and	4	SUSPECT
1538 lauderdale	4	YES
512 for	4	SUSPECT
214 is	4	SUSPECT
15735 clifton	4	YES
1327 arlington	4	YES
1839 clifton	4	YES
2023 gray	4	YES
270 are	4	SUSPECT
1548 lakewood	4	YES
15422 detroit	4	YES
1352 clearance	4	YES
1558 northland	4	YES
1616 west	4	YES
225 are	4	SUSPECT
204 on	4	SUSPECT
189 15	4	SUSPECT
2017 honda	4	YES
225 25	4	SUSPECT
100 miles	4	SUSPECT
1706 clifton	4	YES
305 for	4	SUSPECT
14532 lakewood	4	YES
1523 waterbury	4	YES
212 we'll	4	SUSPECT
2018 belle	4	YES
12962 clifton	4	YES
17798 detroit	4	YES
1382 bunts	4	YES
1184 summit	4	YES
2017 chevy	4	YES
527 of	4	SUSPECT
1310 edwards	4	YES
212 212	4	SUSPECT
204 traffic	4	SUSPECT
227 can	4	SUSPECT
1554 olivewood	4	YES
2080 quail	4	YES
2214 chesterland	4	YES
125 edgewater	4	SUSPECT
11806 clifton	4	YES
1433 riverside	4	YES
1254 bunts	4	YES
225 go	4	SUSPECT
1338 beach	4	YES
1437 northland	4	YES
17513 detroit	4	YES
1641 grace	4	YES
12031 edgewater	4	YES
401 medic	4	SUSPECT
2013 black	4	YES
17843 clifton	4	YES
1431 wyandotte	4	YES
13882 clifton	4	YES
301 female	4	SUSPECT
17310 madison	4	YES
11871 lake	4	YES
11729 detroit	4	YES
2073 mars	4	YES
14555 madison	4	YES
1433 graber	4	YES
104 could	4	SUSPECT
104 we	4	SUSPECT
11815 south	4	YES
2103 wyandotte	4	YES
100 seventeenth	4	SUSPECT
15631 madison	4	YES
2005 20	4	YES
1988 37	4	YES
220 10	4	SUSPECT
2170 niagara	4	YES
107 if	4	SUSPECT
108 copy	4	SUSPECT
198 copy	4	SUSPECT
2026 30	4	YES
2000 and	4	YES
2019 honda	4	YES
210 bed	4	SUSPECT
1383 bonnie	4	YES
1418 west	4	YES
1411 roycroft	4	YES
2026 vehicle	4	YES
1999 26	4	YES
2026 23	4	YES
2026 31	4	YES
104 that's	4	SUSPECT
16165 hilliard	4	YES
1835 clifton	4	YES
1634 wyandotte	4	YES
104 we're	4	SUSPECT
258 copy	4	SUSPECT
2041 lewis	4	YES
104 they	4	SUSPECT
650 detroit	4	SUSPECT
108 on	4	SUSPECT
1519 woodward	4	YES
104 sir	4	SUSPECT
1435 warren	4	YES
990 westbound	4	SUSPECT
12501 madison	4	YES
2017 subaru	4	YES
2026 listed	4	YES
2026 expired	4	YES
1849 clifton	4	YES
118 copy	4	SUSPECT
500 10	4	SUSPECT
2506 at	4	SUSPECT
107 can	4	SUSPECT
158 copy	4	SUSPECT
29117 franklin	4	SUSPECT
1323 lakeland	4	YES
1994 31	4	YES
1321 arlington	4	YES
16808 delaware	4	YES
2036 wyandotte	4	YES
1386 beach	4	YES
1431 northland	4	YES
341 marlowe	4	SUSPECT
1180 brown	4	YES
11812 clifton	4	YES
13919 detroit	4	YES
2004 21	4	YES
12010 lake	4	YES
12500 berea	4	YES
1406 west	4	YES
1481 apartment	4	YES
2006 ground	4	YES
210 10-7	3	SUSPECT
720 of	3	SUSPECT
2025 white	3	YES
723 of	3	SUSPECT
206 for	3	SUSPECT
213 you're	3	SUSPECT
1063 cove	3	YES
211 set	3	SUSPECT
1381 on	3	YES
309 for	3	SUSPECT
218 at	3	SUSPECT
215 for	3	SUSPECT
310 i'm	3	SUSPECT
155 black	3	SUSPECT
401 detroit	3	SUSPECT
229 is	3	SUSPECT
116 of	3	SUSPECT
2139 glenbury	3	YES
2007 dodge	3	YES
215 disregard	3	SUSPECT
2005 ford	3	YES
2221 eldred	3	YES
2020 ford	3	YES
2190 waterbury	3	YES
1272 brockley	3	YES
1500 hopkins	3	YES
16819 fisher	3	YES
1341 milo	3	YES
181 20	3	SUSPECT
15620 madison	3	YES
229 do	3	SUSPECT
106 medic	3	SUSPECT
250 i'm	3	SUSPECT
214 for	3	SUSPECT
2116 warren	3	YES
2011 black	3	YES
1425 elmwood	3	YES
270 go	3	SUSPECT
1030 roy	3	YES
213 on	3	SUSPECT
270 i'll	3	SUSPECT
412 you	3	SUSPECT
229 respond	3	SUSPECT
1281 ramona	3	YES
213 24	3	SUSPECT
329 we'll	3	SUSPECT
209 he's	3	SUSPECT
213 you	3	SUSPECT
250 brown	3	SUSPECT
2011 subaru	3	YES
228 10-8	3	SUSPECT
1496 alameda	3	YES
226 may	3	SUSPECT
2019 ford	3	YES
922 of	3	SUSPECT
170 black	3	SUSPECT
2025 nissan	3	YES
15309 madison	3	YES
117 you	3	SUSPECT
203 station	3	SUSPECT
235 medic	3	SUSPECT
222 disregard	3	SUSPECT
200 gray	3	SUSPECT
120 26	3	SUSPECT
2014 silver	3	YES
2011 white	3	YES
209 for	3	SUSPECT
175 black	3	SUSPECT
2005 20-year-old	3	YES
329 copy	3	SUSPECT
11840 lake	3	YES
16707 seneca	3	YES
1427 rio	3	YES
203 she's	3	SUSPECT
192 black	3	SUSPECT
129 75	3	SUSPECT
2014 gmc	3	YES
2016 i'm	3	YES
2012 kia	3	YES
222 we'll	3	SUSPECT
2020 blue	3	YES
203 traffic	3	SUSPECT
1677 bunts	3	YES
203 west	3	SUSPECT
14873 detroit	3	YES
1701 arthur	3	YES
211 west	3	SUSPECT
2140 at	3	YES
1502 west	3	YES
211 south	3	SUSPECT
210 of	3	SUSPECT
1384 clearance	3	YES
229 that	3	SUSPECT
2026 59	3	YES
269 copy	3	SUSPECT
2000 mars	3	YES
203 she	3	SUSPECT
715 medic	3	SUSPECT
288 or	3	SUSPECT
148 19	3	SUSPECT
2036 lakeland	3	YES
147 55	3	SUSPECT
731 of	3	SUSPECT
205 car	3	SUSPECT
211 madison	3	SUSPECT
124 i	3	SUSPECT
116 116	3	SUSPECT
221 221	3	SUSPECT
2010 blue	3	YES
277 i'm	3	SUSPECT
117 10-4	3	SUSPECT
130 of	3	SUSPECT
1360 west	3	YES
1621 lakewood	3	YES
229 10-8	3	SUSPECT
136 medic	3	SUSPECT
2016 brown	3	YES
127 i'll	3	SUSPECT
1506 west	3	YES
821 of	3	SUSPECT
2165 bunts	3	YES
2156 bunts	3	YES
620 of	3	SUSPECT
1377 ethel	3	YES
703 female	3	SUSPECT
119 to	3	SUSPECT
1389 granger	3	YES
218 7	3	SUSPECT
13216 detroit	3	YES
206 i'll	3	SUSPECT
117 george	3	SUSPECT
224 223	3	SUSPECT
118 at	3	SUSPECT
213 10-7	3	SUSPECT
100 k-a-l-s-h-i	3	SUSPECT
1346 code	3	YES
1043 forest	3	YES
145 brown	3	SUSPECT
273 i'm	3	SUSPECT
2024 white	3	YES
2011 nissan	3	YES
365 is	3	SUSPECT
2033 atkins	3	YES
103 10-4	3	SUSPECT
1400 detroit	3	YES
607 medic	3	SUSPECT
2079 clarence	3	YES
1415 clarence	3	YES
211 yes	3	SUSPECT
213 217	3	SUSPECT
212 10-8	3	SUSPECT
1386 hall	3	YES
2195 woodward	3	YES
329 10-8	3	SUSPECT
215 216	3	SUSPECT
218 50	3	SUSPECT
122 at	3	SUSPECT
1393 geale	3	YES
209 rush	3	SUSPECT
56170 brown	3	SUSPECT
2010 lincoln	3	YES
128 of	3	SUSPECT
426 of	3	SUSPECT
1311 bonnevue	3	YES
125 and	3	SUSPECT
14205 madison	3	YES
208 we'll	3	SUSPECT
17615 detroit	3	YES
206 can	3	SUSPECT
1491 lincoln	3	YES
216 at	3	SUSPECT
120 on	3	SUSPECT
12118 madison	3	YES
156 madison	3	SUSPECT
163 at	3	SUSPECT
218 of	3	SUSPECT
124 i'm	3	SUSPECT
1663 victoria	3	YES
519 medic	3	SUSPECT
1941 pick	3	YES
221 are	3	SUSPECT
142 12th	3	SUSPECT
2181 northland	3	YES
1473 victoria	3	YES
13415 detroit	3	YES
2008 white	3	YES
12907 clifton	3	YES
1555 hilliard	3	YES
2139 olive	3	YES
211 from	3	SUSPECT
4701 detroit	3	SUSPECT
135 31	3	SUSPECT
117 berea	3	SUSPECT
1440 wyandotte	3	YES
12629 detroit	3	YES
135 medic	3	SUSPECT
2018 grey	3	YES
310 medic	3	SUSPECT
311 for	3	SUSPECT
2025 atkins	3	YES
202 you're	3	SUSPECT
1577 chesterland	3	YES
215 brown	3	SUSPECT
2205 mars	3	YES
221 we're	3	SUSPECT
2017 white	3	YES
12976 clifton	3	YES
125 20	3	SUSPECT
228 can	3	SUSPECT
1511 coutant	3	YES
16811 madison	3	YES
223 224	3	SUSPECT
2227 lewis	3	YES
251 i'll	3	SUSPECT
2016 audi	3	YES
142 29	3	SUSPECT
2012 buick	3	YES
13361 madison	3	YES
2017 jeep	3	YES
205 franklin	3	SUSPECT
622 and	3	SUSPECT
725 of	3	SUSPECT
105 medic	3	SUSPECT
2018 mercedes	3	YES
1198 cook	3	YES
2006 buick	3	YES
2017 dodge	3	YES
1291 granger	3	YES
13452 clifton	3	YES
203 number	3	SUSPECT
1494 westwood	3	YES
12019 late	3	YES
2005 lincoln	3	YES
1374 number	3	YES
14900 detroit	3	YES
12506 i	3	YES
703 10-4	3	SUSPECT
1346 cole	3	YES
1481 road	3	YES
219 2	3	SUSPECT
2200 hours	3	YES
219 at	3	SUSPECT
502 for	3	SUSPECT
226 217	3	SUSPECT
201 traffic	3	SUSPECT
201 we	3	SUSPECT
2089 robin	3	YES
211 listening	3	SUSPECT
2010 red	3	YES
1346 calls	3	YES
280 i'll	3	SUSPECT
228 could	3	SUSPECT
1443 spring	3	YES
2081 mark	3	YES
1680 lincoln	3	YES
278 i	3	SUSPECT
16101 madison	3	YES
118 39	3	SUSPECT
1508 west	3	YES
226 in	3	SUSPECT
264 are	3	SUSPECT
2137 brown	3	YES
1291 idlewood	3	YES
14409 delaware	3	YES
4300 madison	3	SUSPECT
250 i	3	SUSPECT
226 he's	3	SUSPECT
1297 idlewood	3	YES
18607 detroit	3	YES
329 i'm	3	SUSPECT
613 medic	3	SUSPECT
201 we'll	3	SUSPECT
221 do	3	SUSPECT
2245 arthur	3	YES
201 i	3	SUSPECT
628 of	3	SUSPECT
11819 north	3	YES
214 215	3	SUSPECT
911 is	3	SUSPECT
14977 delaware	3	YES
217 is	3	SUSPECT
2020 mazda	3	YES
1361 cove	3	YES
182 58	3	SUSPECT
1598 hopkins	3	YES
1621 for	3	YES
217 the	3	SUSPECT
201 are	3	SUSPECT
16209 madison	3	YES
1419 roycroft	3	YES
2009 honda	3	YES
202 or	3	SUSPECT
17500 madison	3	YES
1185 warren	3	YES
11733 clifton	3	YES
1583 orchard	3	YES
2016 dodge	3	YES
2014 dodge	3	YES
222 224	3	SUSPECT
222 we're	3	SUSPECT
1555 grace	3	YES
1369 park	3	YES
133 30	3	SUSPECT
1242 code	3	YES
413 of	3	SUSPECT
2016 blue	3	YES
2012 chrysler	3	YES
2023 blue	3	YES
1377 belle	3	YES
1619 chesterland	3	YES
1285 cove	3	YES
223 to	3	SUSPECT
1366 edwards	3	YES
13468 clifton	3	YES
117 thank	3	SUSPECT
228 we're	3	SUSPECT
1565 waterbury	3	YES
217 could	3	SUSPECT
124 for	3	SUSPECT
124 medic	3	SUSPECT
1485 northland	3	YES
1513 westwood	3	YES
2007 ford	3	YES
119 and	3	SUSPECT
2004 buick	3	YES
17609 detroit	3	YES
2017 black	3	YES
1331 cranford	3	YES
1560 coutant	3	YES
213 in	3	SUSPECT
1720 edgewater	3	YES
229 10-4	3	SUSPECT
14937 lakewood	3	YES
117 117	3	SUSPECT
122 28	3	SUSPECT
1621 newman	3	YES
2054 lewis	3	YES
2070 west	3	YES
1553 newman	3	YES
328 copy	3	SUSPECT
1381 bonds	3	YES
13601 detroit	3	YES
605 for	3	SUSPECT
219 10-8	3	SUSPECT
203 all	3	SUSPECT
114 it's	3	SUSPECT
220 we	3	SUSPECT
14223 athens	3	YES
13715 madison	3	YES
216 could	3	SUSPECT
13975 lake	3	YES
2030 atkins	3	YES
16918 detroit	3	YES
417 at	3	SUSPECT
12810 detroit	3	YES
117 apartment	3	SUSPECT
1007 for	3	YES
2018 silver	3	YES
2128 lakeland	3	YES
215 do	3	SUSPECT
1685 arthur	3	YES
220 on	3	SUSPECT
207 traffic	3	SUSPECT
117 copy	3	SUSPECT
599 i	3	SUSPECT
2026 20	3	YES
1298 ethel	3	YES
133 95	3	SUSPECT
220 dl	3	SUSPECT
220 do	3	SUSPECT
1285 gladys	3	YES
113 medic	3	SUSPECT
215 they're	3	SUSPECT
2025 hyundai	3	YES
611 medic	3	SUSPECT
173 to	3	SUSPECT
12971 harlan	3	YES
2013 blue	3	YES
1229 of	3	YES
215 she's	3	SUSPECT
219 a	3	SUSPECT
1380 clarence	3	YES
12552 clifton	3	YES
125 52	3	SUSPECT
1639 lakewood	3	YES
205 there's	3	SUSPECT
118 11	3	SUSPECT
17844 cannon	3	YES
2019 nissan	3	YES
2026 mars	3	YES
2076 elmwood	3	YES
1485 blossom	3	YES
314 and	3	SUSPECT
2114 clarence	3	YES
2050 dow	3	YES
1627 winchester	3	YES
503 for	3	SUSPECT
219 211	3	SUSPECT
119 i	3	SUSPECT
280 go	3	SUSPECT
215 that's	3	SUSPECT
118 23	3	SUSPECT
273 i	3	SUSPECT
911 saying	3	SUSPECT
222 of	3	SUSPECT
215 detroit	3	SUSPECT
28900 detroit	3	SUSPECT
1534 winchester	3	YES
2016 mazda	3	YES
107 for	3	SUSPECT
214 of	3	SUSPECT
1356 marlowe	3	YES
13383 madison	3	YES
229 thanks	3	SUSPECT
14782 athens	3	YES
220 copy	3	SUSPECT
2024 toyota	3	YES
18516 detroit	3	YES
1582 newman	3	YES
1445 rockway	3	YES
2014 nissan	3	YES
2017 nissan	3	YES
2021 bmw	3	YES
320 detroit	3	SUSPECT
251 i	3	SUSPECT
14306 number	3	YES
211 what	3	SUSPECT
2014 elmwood	3	YES
1534 roycroft	3	YES
1388 lakewood	3	YES
2109 elmwood	3	YES
1026 for	3	YES
1664 lauderdale	3	YES
603 medic	3	SUSPECT
1635 olivewood	3	YES
2019 mercedes	3	YES
203 what's	3	SUSPECT
1215 west	3	YES
126 medic	3	SUSPECT
2009 ford	3	YES
217 219	3	SUSPECT
204 check	3	SUSPECT
142 23	3	SUSPECT
2021 lakeland	3	YES
207 10-8	3	SUSPECT
300 pounds	3	SUSPECT
12065 edgewater	3	YES
2015 bmw	3	YES
202 it's	3	SUSPECT
315 i	3	SUSPECT
19342 laurel	3	SUSPECT
2016 hyundai	3	YES
55125 brown	3	SUSPECT
220 are	3	SUSPECT
261 to	3	SUSPECT
911 he	3	SUSPECT
215 we	3	SUSPECT
1521 wagar	3	YES
1635 hopkins	3	YES
1501 roycroft	3	YES
2021 chevy	3	YES
1625 newman	3	YES
911 open	3	SUSPECT
14235 garfield	3	YES
12805 detroit	3	YES
1333 lakeland	3	YES
142 35	3	SUSPECT
11730 clifton	3	YES
2035 chesterland	3	YES
2014 blue	3	YES
1613 hopkins	3	YES
2124 quail	3	YES
1264 webb	3	YES
2200 madison	3	YES
911 line	3	SUSPECT
207 medic	3	SUSPECT
207 do	3	SUSPECT
11821 clifton	3	YES
13513 clifton	3	YES
117 carbon	3	SUSPECT
56135 brown	3	SUSPECT
207 212	3	SUSPECT
222 copies	3	SUSPECT
2144 mckinley	3	YES
1564 ridgewood	3	YES
2004 chevy	3	YES
1571 olivewood	3	YES
1327 edwards	3	YES
207 go	3	SUSPECT
154 22	3	SUSPECT
2078 robin	3	YES
1352 west	3	YES
2019 silver	3	YES
629 of	3	SUSPECT
12804 madison	3	YES
214 214	3	SUSPECT
2023 dodge	3	YES
15709 lake	3	YES
227 i	3	SUSPECT
2085 chesterland	3	YES
219 is	3	SUSPECT
212 of	3	SUSPECT
14914 edgewater	3	YES
211 214	3	SUSPECT
2035 morrison	3	YES
1618 woodward	3	YES
212 22	3	SUSPECT
12906 madison	3	YES
15608 lake	3	YES
13454 parkway	3	YES
2022 jeep	3	YES
107 medic	3	SUSPECT
13458 clifton	3	YES
2000 23	3	YES
1409 marlowe	3	YES
1619 clarence	3	YES
2008 toyota	3	YES
1588 warren	3	YES
207 could	3	SUSPECT
1338 heard	3	YES
2014 gray	3	YES
1409 owego	3	YES
1623 newman	3	YES
208 or	3	SUSPECT
806 for	3	SUSPECT
1553 northland	3	YES
224 19	3	SUSPECT
1175 andrews	3	YES
2024 tesla	3	YES
1335 brockley	3	YES
227 go	3	SUSPECT
1472 larchmont	3	YES
2008 buick	3	YES
1001 medic	3	YES
218 or	3	SUSPECT
223 are	3	SUSPECT
215 214	3	SUSPECT
1257 french	3	YES
240 black	3	SUSPECT
208 10-7	3	SUSPECT
1558 ridgewood	3	YES
213 medic	3	SUSPECT
14822 madison	3	YES
2043 ferndale	3	YES
117 there's	3	SUSPECT
14108 lakewood	3	YES
215 did	3	SUSPECT
13368 madison	3	YES
1499 northland	3	YES
2007 white	3	YES
1526 bunts	3	YES
219 19	3	SUSPECT
721 63	3	SUSPECT
212 205	3	SUSPECT
1460 lauderdale	3	YES
117 new	3	SUSPECT
302 medic	3	SUSPECT
13480 clifton	3	YES
209 we	3	SUSPECT
1362 beach	3	YES
2023 quail	3	YES
117 st	3	SUSPECT
1270 lakeland	3	YES
2014 kia	3	YES
117 sapels	3	SUSPECT
17445 northwood	3	YES
259 we're	3	SUSPECT
224 will	3	SUSPECT
57158 black	3	SUSPECT
15021 hilliard	3	YES
222 if	3	SUSPECT
1555 hopkins	3	YES
205 212	3	SUSPECT
222 are	3	SUSPECT
1611 orchard	3	YES
1221 warren	3	YES
1507 winchester	3	YES
2015 gray	3	YES
1520 west	3	YES
1586 clarence	3	YES
227 good	3	SUSPECT
1501 elmwood	3	YES
1374 cove	3	YES
218 could	3	SUSPECT
12920 berea	3	YES
261 i'm	3	SUSPECT
1502 winchester	3	YES
1667 elmwood	3	YES
1379 bonnevue	3	YES
14808 clifton	3	YES
228 211	3	SUSPECT
308 for	3	SUSPECT
2167 clarence	3	YES
1277 thoreau	3	YES
2147 eldred	3	YES
1459 ridgewood	3	YES
511 180	3	SUSPECT
1531 coutant	3	YES
806 medic	3	SUSPECT
2001 23	3	YES
107 is	3	SUSPECT
1541 westwood	3	YES
17813 shaw	3	YES
202 the	3	SUSPECT
2015 dark	3	YES
2009 hyundai	3	YES
1340 kenilworth	3	YES
406 for	3	SUSPECT
17473 norton	3	YES
2023 ford	3	YES
1478 winchester	3	YES
1411 you	3	YES
1346 kenilworth	3	YES
207 is	3	SUSPECT
1374 geale	3	YES
2074 carabel	3	YES
2012 baxter	3	YES
401 he	3	SUSPECT
212 medic	3	SUSPECT
1494 woodward	3	YES
1380 webb	3	YES
1500 woodward	3	YES
2013 red	3	YES
270 if	3	SUSPECT
300 that	3	SUSPECT
2083 lark	3	YES
56180 brown	3	SUSPECT
225 could	3	SUSPECT
510 medic	3	SUSPECT
13809 clifton	3	YES
2100 lakeside	3	YES
2013 volkswagen	3	YES
210 if	3	SUSPECT
2053 caravelle	3	YES
220 if	3	SUSPECT
327 of	3	SUSPECT
12223 madison	3	YES
225 to	3	SUSPECT
14047 madison	3	YES
212 207	3	SUSPECT
116 in	3	SUSPECT
2005 carabel	3	YES
204 207	3	SUSPECT
1545 elmwood	3	YES
1192 westlake	3	YES
204 you	3	SUSPECT
15314 detroit	3	YES
1655 woodward	3	YES
204 we	3	SUSPECT
1357 beach	3	YES
1445 woodward	3	YES
1645 robinwood	3	YES
1550 lakeland	3	YES
204 go	3	SUSPECT
1211 cook	3	YES
1621 belle	3	YES
1516 lauderdale	3	YES
1472 coutant	3	YES
2011 hyundai	3	YES
2085 halsted	3	YES
1633 st	3	YES
503 medic	3	SUSPECT
1466 woodward	3	YES
17439 northwood	3	YES
219 216	3	SUSPECT
14877 detroit	3	YES
1485 mars	3	YES
1214 hall	3	YES
1495 roycroft	3	YES
2011 gray	3	YES
1570 rosewood	3	YES
215 could	3	SUSPECT
15721 madison	3	YES
117 pulling	3	SUSPECT
16300 hilliard	3	YES
205 in	3	SUSPECT
1661 victoria	3	YES
2285 warren	3	YES
2019 dodge	3	YES
2256 emily	3	YES
100 madison	3	SUSPECT
1539 coutant	3	YES
208 medic	3	SUSPECT
302 for	3	SUSPECT
2009 gray	3	YES
2036 quail	3	YES
1206 west	3	YES
2201 bunts	3	YES
1650 woodward	3	YES
57170 black	3	SUSPECT
18626 detroit	3	YES
12504 detroit	3	YES
2023 mercedes	3	YES
4100 detroit	3	SUSPECT
227 are	3	SUSPECT
1439 newman	3	YES
2026 mckinley	3	YES
2004 ford	3	YES
1325 sloan	3	YES
225 for	3	SUSPECT
220 respond	3	SUSPECT
1212 donald	3	YES
505 medic	3	SUSPECT
1567 ridgewood	3	YES
200 pounds	3	SUSPECT
2121 riverside	3	YES
2023 kia	3	YES
1449 medic	3	YES
215 does	3	SUSPECT
2054 robin	3	YES
2047 ferndale	3	YES
612 medic	3	SUSPECT
200 and	3	SUSPECT
11725 clifton	3	YES
10410 you	3	SUSPECT
29117 to	3	SUSPECT
1991 34	3	YES
5425 detroit	3	SUSPECT
1472 northland	3	YES
2012 dodge	3	YES
11820 at	3	YES
104 dispatch	3	SUSPECT
2002 05	3	YES
2197 woodward	3	YES
108 from	3	SUSPECT
1345 number	3	YES
1849 edgewater	3	YES
191 17	3	SUSPECT
107 please	3	SUSPECT
13405 medic	3	YES
425 can	3	SUSPECT
601 madison	3	SUSPECT
2026 37	3	YES
2018 nissan	3	YES
2017 waterbury	3	YES
1384 giel	3	YES
2105 wascana	3	YES
200 traffic	3	SUSPECT
3302 detroit	3	SUSPECT
123 and	3	SUSPECT
1247 brockley	3	YES
1581 cohassett	3	YES
415 you	3	SUSPECT
305 and	3	SUSPECT
2023 honda	3	YES
2083 clearance	3	YES
14881 detroit	3	YES
2026 54	3	YES
2003 23	3	YES
1993 05	3	YES
28108 stop	3	SUSPECT
104 report	3	SUSPECT
1221 brockley	3	YES
1271 warren	3	YES
430 west	3	SUSPECT
10421 disregard	3	SUSPECT
2026 she	3	YES
415 new	3	SUSPECT
2052 lark	3	YES
104 if	3	SUSPECT
1015 you	3	YES
200 copy	3	SUSPECT
1425 rockway	3	YES
2193 lincoln	3	YES
18097 clifton	3	YES
306 detroit	3	SUSPECT
2919 clifton	3	SUSPECT
2026 73	3	YES
900 detroit	3	SUSPECT
1995 30	3	YES
2104 robin	3	YES
17413 woodford	3	YES
1532 parkwood	3	YES
1488 cordova	3	YES
108 stop	3	SUSPECT
104 that	3	SUSPECT
17845 lake	3	YES
15007 madison	3	YES
2047 lake	3	YES
2152 lewis	3	YES
52120 brown	3	SUSPECT
1661 bunts	3	YES
4100 franklin	3	SUSPECT
1275 donald	3	YES
1985 40	3	YES
16819 madison	3	YES
1266 medic	3	YES
1589 newman	3	YES
104 what	3	SUSPECT
15704 lakewood	3	YES
15117 franklin	3	YES
1016 can	3	YES
1229 manor	3	YES
2011 honda	3	YES
861 detroit	3	SUSPECT
3511 detroit	3	SUSPECT
1416 ridgewood	3	YES
1333 cove	3	YES
16719 detroit	3	YES
1850 south	3	YES
15018 hilliard	3	YES
280 you	3	SUSPECT
18895 detroit	3	YES
1811 lake	3	YES
1430 park	3	YES
14013 clifton	3	YES
2015 silver	3	YES
1296 saint	3	YES
2004 22	3	YES
1428 ridgewood	3	YES
17618 franklin	3	YES
13509 merl	3	YES
1701 detroit	3	YES
11818 south	3	YES
104 be	3	SUSPECT
17107 1	3	YES
2135 riverside	3	YES
2140 woodward	3	YES
14521 madison	3	YES
1839 edgewater	3	YES
901 and	3	SUSPECT
104 a	3	SUSPECT
1503 cohassett	3	YES
277 cove	3	SUSPECT
736 medic	3	SUSPECT
810 i	3	SUSPECT
18616 18616	3	YES
1570 larchmont	3	YES
1997 28	3	YES
2105 brown	3	YES
18258 flown	3	YES
11855 lake	3	YES
422 disregard	3	SUSPECT
400 madison	3	SUSPECT
1681 waterbury	3	YES
14587 madison	3	YES
100 woodhouse	3	SUSPECT
1625 lakewood	3	YES
12400 apartment	3	YES
248 copy	3	SUSPECT
117 union	3	SUSPECT
3123 detroit	3	SUSPECT
2015 subaru	3	YES
2027 expires	3	YES
149 copy	3	SUSPECT
2026 34	3	YES
1657 wagar	3	YES
2006 20	3	YES
1383 bonnyville	3	YES
220 9	3	SUSPECT
14311 madison	3	YES
1459 arthur	3	YES
125 at	3	SUSPECT
1418 lincoln	3	YES
2207 chesterland	3	YES
1284 manor	3	YES
1470 west	2	YES
2032 w	2	YES
211 call	2	SUSPECT
117 white	2	SUSPECT
180 blonde	2	SUSPECT
147 40	2	SUSPECT
5243 on	2	SUSPECT
279 i	2	SUSPECT
122 i'll	2	SUSPECT
1384 lakeland	2	YES
923 of	2	SUSPECT
629 you	2	SUSPECT
1236 brockley	2	YES
2186 lincoln	2	YES
713 of	2	SUSPECT
203 this	2	SUSPECT
217 stall	2	SUSPECT
1256 webb	2	YES
289 copy	2	SUSPECT
127 7	2	SUSPECT
2006 honda	2	YES
106 would	2	SUSPECT
239 59	2	SUSPECT
239 medic	2	SUSPECT
1264 cranford	2	YES
229 new	2	SUSPECT
1486 coutant	2	YES
229 just	2	SUSPECT
218 24	2	SUSPECT
2013 nissan	2	YES
198 brown	2	SUSPECT
2209 atkinson	2	YES
210 we're	2	SUSPECT
2119 belle	2	YES
270 i	2	SUSPECT
229 222	2	SUSPECT
11725 lake	2	YES
211 one	2	SUSPECT
540 madison	2	SUSPECT
290 black	2	SUSPECT
1554 hopkins	2	YES
13300 bramley	2	YES
130 on	2	SUSPECT
211 with	2	SUSPECT
320 dl	2	SUSPECT
117 06	2	SUSPECT
1521 lincoln	2	YES
209 218	2	SUSPECT
229 name	2	SUSPECT
629 we'll	2	SUSPECT
1538 w	2	YES
911 sounds	2	SUSPECT
202 give	2	SUSPECT
2206 detroit	2	YES
223 dispatch	2	SUSPECT
11849 edgeworth	2	YES
305 male	2	SUSPECT
118 9	2	SUSPECT
840 a	2	SUSPECT
1390 detroit	2	YES
202 does	2	SUSPECT
1589 rockway	2	YES
156 20	2	SUSPECT
2235 northland	2	YES
17841 cannon	2	YES
102 respond	2	SUSPECT
1345 west	2	YES
211 6	2	SUSPECT
1380 clearance	2	YES
1378 lakewood	2	YES
1630 wagar	2	YES
713 i	2	SUSPECT
506 a	2	SUSPECT
506 male	2	SUSPECT
2009 riverside	2	YES
213 radio	2	SUSPECT
1441 robinwood	2	YES
245 zebra	2	SUSPECT
61182 black	2	SUSPECT
229 disregard	2	SUSPECT
422 of	2	SUSPECT
1490 coutant	2	YES
916 of	2	SUSPECT
105 not	2	SUSPECT
317 i'll	2	SUSPECT
317 10-7	2	SUSPECT
203 17	2	SUSPECT
217 we	2	SUSPECT
703 sheila	2	SUSPECT
229 221	2	SUSPECT
218 there's	2	SUSPECT
1275 cove	2	YES
100 detroit	2	SUSPECT
219 10-4	2	SUSPECT
414 third	2	SUSPECT
2145 atkins	2	YES
119 0	2	SUSPECT
730 of	2	SUSPECT
1122 of	2	YES
1445 lakewood	2	YES
207 you're	2	SUSPECT
1475 woodward	2	YES
213 205	2	SUSPECT
2031 robin	2	YES
320 of	2	SUSPECT
211 2	2	SUSPECT
1145 for	2	YES
1906 madison	2	YES
1251 summit	2	YES
2017 buick	2	YES
149 57	2	SUSPECT
2015 kia	2	YES
205 same	2	SUSPECT
213 here	2	SUSPECT
1240 madison	2	YES
1900 detroit	2	YES
205 yes	2	SUSPECT
249 i'm	2	SUSPECT
13418 clifton	2	YES
2019 white	2	YES
1112 of	2	YES
59150 brown	2	SUSPECT
911 he's	2	SUSPECT
003 adam	2	SUSPECT
52135 brown	2	SUSPECT
117 1	2	SUSPECT
666 666	2	SUSPECT
223 copy	2	SUSPECT
1443 lakewood	2	YES
1592 winton	2	YES
211 he	2	SUSPECT
975 adam	2	SUSPECT
282 i'll	2	SUSPECT
15404 madison	2	YES
329 traffic	2	SUSPECT
155 33	2	SUSPECT
61180 brown	2	SUSPECT
209 on	2	SUSPECT
278 10-8	2	SUSPECT
12975 emerson	2	YES
203 has	2	SUSPECT
1600 nm	2	YES
305 complainant's	2	SUSPECT
217 he's	2	SUSPECT
203 code	2	SUSPECT
2020 dark	2	YES
1509 northland	2	YES
18400 detroit	2	YES
2019 blue	2	YES
2195 lincoln	2	YES
210 blonde	2	SUSPECT
229 224	2	SUSPECT
180 hazel	2	SUSPECT
421 disregard	2	SUSPECT
172 brown	2	SUSPECT
2037 warren	2	YES
214 female	2	SUSPECT
1249 manor	2	YES
200 yacht	2	SUSPECT
205 black	2	SUSPECT
225 10-8	2	SUSPECT
205 202	2	SUSPECT
122 thank	2	SUSPECT
213 224	2	SUSPECT
2118 chesterland	2	YES
221 at	2	SUSPECT
138 for	2	SUSPECT
229 rush	2	SUSPECT
1481 clifton	2	YES
287 go	2	SUSPECT
1107 medic	2	YES
710 83	2	SUSPECT
2135 olive	2	YES
1491 coutant	2	YES
216 217	2	SUSPECT
245 disregard	2	SUSPECT
329 i	2	SUSPECT
310 i	2	SUSPECT
2125 concord	2	YES
117 question	2	SUSPECT
1384 heard	2	YES
117 13	2	SUSPECT
1560 west	2	YES
1079 parkside	2	YES
224 26	2	SUSPECT
1487 waterbury	2	YES
129 76	2	SUSPECT
221 thanks	2	SUSPECT
272 are	2	SUSPECT
12900 lakewood	2	YES
206 10-8	2	SUSPECT
1370 elber	2	YES
2015 hyundai	2	YES
2006 black	2	YES
1131 medic	2	YES
514 of	2	SUSPECT
2505 for	2	SUSPECT
101 i'm	2	SUSPECT
1256 edwards	2	YES
1599 lincoln	2	YES
1678 roosevelt	2	YES
0404 hours	2	SUSPECT
135 black	2	SUSPECT
219 do	2	SUSPECT
221 3	2	SUSPECT
1100 hours	2	YES
209 detroit	2	SUSPECT
216 to	2	SUSPECT
000 00	2	SUSPECT
210 go	2	SUSPECT
158 brown	2	SUSPECT
375 cash	2	SUSPECT
230 and	2	SUSPECT
12204 madison	2	YES
209 did	2	SUSPECT
9645 complaint	2	SUSPECT
1315 bonnevue	2	YES
1495 riverside	2	YES
2026 jeep	2	YES
202 1	2	SUSPECT
202 it	2	SUSPECT
117 go	2	SUSPECT
211 17	2	SUSPECT
202 disregard	2	SUSPECT
1295 eden	2	YES
212 16	2	SUSPECT
317 i'm	2	SUSPECT
17443 clifton	2	YES
205 this	2	SUSPECT
2003 honda	2	YES
2000 toyota	2	YES
2026 63	2	YES
205 newman	2	SUSPECT
272 you	2	SUSPECT
823 of	2	SUSPECT
205 ennis	2	SUSPECT
15320 detroit	2	YES
2040 robin	2	YES
208 we	2	SUSPECT
820 and	2	SUSPECT
2104 wisconsin	2	YES
12400 mass	2	YES
825 of	2	SUSPECT
117 department	2	SUSPECT
2369 northland	2	YES
2094 richland	2	YES
136 brown	2	SUSPECT
18260 detroit	2	YES
2021 carabel	2	YES
117 10-8	2	SUSPECT
237 go	2	SUSPECT
259 copy	2	SUSPECT
14401 to	2	YES
1239 donald	2	YES
17475 lakewood	2	YES
117 no	2	SUSPECT
120 20	2	SUSPECT
2025 honda	2	YES
215 bed	2	SUSPECT
24311 east	2	SUSPECT
2081 waterbury	2	YES
213 check	2	SUSPECT
205 i've	2	SUSPECT
630 25	2	SUSPECT
13030 madison	2	YES
1570 bridgewood	2	YES
901 saying	2	SUSPECT
1451 clifton	2	YES
1498 winchester	2	YES
1605 lakewood	2	YES
109 for	2	SUSPECT
209 at	2	SUSPECT
14740 lh	2	YES
1326 phelps	2	YES
200 into	2	SUSPECT
100 trade	2	SUSPECT
293 12	2	SUSPECT
214 29	2	SUSPECT
1637 cordova	2	YES
702 she	2	SUSPECT
203 3	2	SUSPECT
217 thank	2	SUSPECT
18500 detroit	2	YES
911 said	2	SUSPECT
120 75	2	SUSPECT
241 i'll	2	SUSPECT
2037 clearance	2	YES
202 number	2	SUSPECT
1606 west	2	YES
217 218	2	SUSPECT
223 can	2	SUSPECT
605 female	2	SUSPECT
687 221	2	SUSPECT
14612 clifton	2	YES
15644 madison	2	YES
1577 hopkins	2	YES
146 23	2	SUSPECT
217 we'll	2	SUSPECT
2014 bmw	2	YES
1485 cordova	2	YES
129 59	2	SUSPECT
119 26	2	SUSPECT
1584 cordova	2	YES
1335 cranford	2	YES
211 hold	2	SUSPECT
291 90	2	SUSPECT
2007 blue	2	YES
219 please	2	SUSPECT
1389 gale	2	YES
14314 lakewood	2	YES
236 valid	2	SUSPECT
531 for	2	SUSPECT
202 will	2	SUSPECT
1115 homewood	2	YES
231 we're	2	SUSPECT
217 205	2	SUSPECT
212 run	2	SUSPECT
1595 ridgewood	2	YES
1595 1595	2	YES
320 to	2	SUSPECT
212 detroit	2	SUSPECT
1623 clearance	2	YES
209 if	2	SUSPECT
220 225	2	SUSPECT
225 is	2	SUSPECT
209 hilliard	2	SUSPECT
1373 lakeland	2	YES
4300 or	2	SUSPECT
125 05	2	SUSPECT
2005 nissan	2	YES
214 called	2	SUSPECT
14717 detroit	2	YES
217 respond	2	SUSPECT
206 could	2	SUSPECT
14327 madison	2	YES
282 283	2	SUSPECT
283 284	2	SUSPECT
284 285	2	SUSPECT
285 286	2	SUSPECT
286 287	2	SUSPECT
287 288	2	SUSPECT
288 289	2	SUSPECT
289 281	2	SUSPECT
15316 clifton	2	YES
319 for	2	SUSPECT
2082 mcgee	2	YES
1628 west	2	YES
335 335	2	SUSPECT
218 do	2	SUSPECT
2013 volvo	2	YES
117 there	2	SUSPECT
1330 webb	2	YES
174 795	2	SUSPECT
1195 echo	2	YES
250 off	2	SUSPECT
2026 buick	2	YES
202 we	2	SUSPECT
1447 medic	2	YES
911 calls	2	SUSPECT
1348 bonnevue	2	YES
1600 w	2	YES
205 thanks	2	SUSPECT
16107 ending	2	YES
206 207	2	SUSPECT
206 detroit	2	SUSPECT
1290 west	2	YES
21850 edgewater	2	SUSPECT
511 190	2	SUSPECT
200 i'll	2	SUSPECT
206 listing	2	SUSPECT
1523 roy	2	YES
262 are	2	SUSPECT
2025 great	2	YES
21849 clifton	2	SUSPECT
147 at	2	SUSPECT
57185 black	2	SUSPECT
714 of	2	SUSPECT
301 samuel	2	SUSPECT
120 black	2	SUSPECT
911 she	2	SUSPECT
55200 brown	2	SUSPECT
2015 lakeland	2	YES
163 163	2	SUSPECT
57130 brown	2	SUSPECT
2035 wiscona	2	YES
410 if	2	SUSPECT
6363 is	2	SUSPECT
239 and	2	SUSPECT
122 madison	2	SUSPECT
216 205	2	SUSPECT
401 complaint	2	SUSPECT
003 david	2	SUSPECT
113 brown	2	SUSPECT
228 do	2	SUSPECT
1241 for	2	YES
14312 to	2	YES
1900 edgewater	2	YES
219 217	2	SUSPECT
13506 lake	2	YES
115 brown	2	SUSPECT
902 medic	2	SUSPECT
219 the	2	SUSPECT
212 they're	2	SUSPECT
218 20	2	SUSPECT
513 for	2	SUSPECT
233 and	2	SUSPECT
17503 narragansett	2	YES
1290 virginia	2	YES
2907 clifton	2	SUSPECT
1211 gladys	2	YES
221 27	2	SUSPECT
165 11	2	SUSPECT
117 black	2	SUSPECT
12541 lake	2	YES
1629 mars	2	YES
209 track	2	SUSPECT
506 edgewater	2	SUSPECT
216 medic	2	SUSPECT
143 hunter	2	SUSPECT
911 i'm	2	SUSPECT
1556 went	2	YES
209 10-4	2	SUSPECT
2025 she	2	YES
1111 of	2	YES
209 do	2	SUSPECT
206 to	2	SUSPECT
11800 i	2	YES
177 at	2	SUSPECT
1474 clearance	2	YES
209 edwards	2	SUSPECT
1007 medic	2	YES
2015 atkins	2	YES
135 for	2	SUSPECT
1535 hopkins	2	YES
2051 quail	2	YES
2035 quail	2	YES
226 you	2	SUSPECT
211 put	2	SUSPECT
224 229	2	SUSPECT
217 1	2	SUSPECT
2020 i	2	YES
543 5	2	SUSPECT
17529 madison	2	YES
249 traffic	2	SUSPECT
809 84	2	SUSPECT
221 if	2	SUSPECT
651 69-year-old	2	SUSPECT
651 medical	2	SUSPECT
17873 lake	2	YES
1309 cranford	2	YES
217 117	2	SUSPECT
217 car	2	SUSPECT
217 listing	2	SUSPECT
325 black	2	SUSPECT
219 you	2	SUSPECT
17012 madison	2	YES
819 of	2	SUSPECT
110 i	2	SUSPECT
186 at	2	SUSPECT
717 of	2	SUSPECT
151 29	2	SUSPECT
612 for	2	SUSPECT
168 12	2	SUSPECT
4616 central	2	SUSPECT
12408 madison	2	YES
1110 i	2	YES
160 red	2	SUSPECT
1272 idawood	2	YES
1232 warren	2	YES
702 for	2	SUSPECT
209 we'll	2	SUSPECT
1515 coutant	2	YES
222 223	2	SUSPECT
15400 edgewater	2	YES
2010 cadillac	2	YES
1619 hopkins	2	YES
125 in	2	SUSPECT
203 10-4	2	SUSPECT
1046 medic	2	YES
181 20th	2	SUSPECT
242 i	2	SUSPECT
1671 lincoln	2	YES
2020 bmw	2	YES
205 did	2	SUSPECT
1547 mars	2	YES
205 try	2	SUSPECT
14018 detroit	2	YES
2009 bunts	2	YES
11735 lake	2	YES
209 warren	2	SUSPECT
425 of	2	SUSPECT
1332 cook	2	YES
724 of	2	SUSPECT
1443 hopkins	2	YES
251 9	2	SUSPECT
206 medical	2	SUSPECT
2010 mazda	2	YES
930 at	2	SUSPECT
112 king	2	SUSPECT
14421 delaware	2	YES
511 260	2	SUSPECT
17614 riverway	2	YES
17459 lake	2	YES
203 kufner	2	SUSPECT
11830 lake	2	YES
1481 in	2	YES
203 check	2	SUSPECT
221 check	2	SUSPECT
2125 carabel	2	YES
1437 grace	2	YES
14604 clifton	2	YES
1660 winton	2	YES
208 she	2	SUSPECT
1434 graver	2	YES
1434 graber	2	YES
1181 virginia	2	YES
219 code	2	SUSPECT
1611 grace	2	YES
1225 cranford	2	YES
217 215	2	SUSPECT
179 brown	2	SUSPECT
118 41	2	SUSPECT
273 you	2	SUSPECT
105 563	2	SUSPECT
213 cars	2	SUSPECT
303 for	2	SUSPECT
211 okay	2	SUSPECT
703 engine	2	SUSPECT
14213 detroit	2	YES
309 83	2	SUSPECT
230 at	2	SUSPECT
2088 lakeland	2	YES
108 the	2	SUSPECT
233 at	2	SUSPECT
1640 hopkins	2	YES
817 of	2	SUSPECT
120 blonde	2	SUSPECT
1456 alameda	2	YES
2010 gray	2	YES
211 there's	2	SUSPECT
1230 heard	2	YES
117 call	2	SUSPECT
201 could	2	SUSPECT
12520 arliss	2	YES
221 caveat	2	SUSPECT
408 i	2	SUSPECT
403 or	2	SUSPECT
1595 woodward	2	YES
12501 plover	2	YES
414 for	2	SUSPECT
1615 go	2	YES
1466 lakeland	2	YES
1358 cove	2	YES
272 we're	2	SUSPECT
217 copy	2	SUSPECT
208 where	2	SUSPECT
621 219	2	SUSPECT
1220 of	2	YES
2236 brown	2	YES
1516 cordova	2	YES
614 of	2	SUSPECT
820 edgewater	2	SUSPECT
287 i	2	SUSPECT
1643 cohasset	2	YES
208 one	2	SUSPECT
1116 of	2	YES
914 of	2	SUSPECT
1626 lincoln	2	YES
119 lake	2	SUSPECT
211 car's	2	SUSPECT
1433 marth	2	YES
518 of	2	SUSPECT
1669 alameda	2	YES
1380 riverside	2	YES
328 lunch	2	SUSPECT
320 i'm	2	SUSPECT
223 we'll	2	SUSPECT
203 added	2	SUSPECT
205 you've	2	SUSPECT
1564 coutant	2	YES
2007 chrysler	2	YES
272 and	2	SUSPECT
19607 detroit	2	SUSPECT
870 beach	2	SUSPECT
1440 robinwood	2	YES
169 0	2	SUSPECT
14306 to	2	YES
932 male	2	SUSPECT
1171 virginia	2	YES
2015 richland	2	YES
2150 mars	2	YES
1381 bonce	2	YES
510 newman	2	SUSPECT
105 and	2	SUSPECT
312 i'm	2	SUSPECT
2011 lark	2	YES
1346 call	2	YES
203 no	2	SUSPECT
17319 freeze	2	YES
211 216	2	SUSPECT
216 notes	2	SUSPECT
1311 matthews	2	YES
312 medic	2	SUSPECT
220 park	2	SUSPECT
213 214	2	SUSPECT
1023 of	2	YES
2110 waterbury	2	YES
2046 waterbury	2	YES
1270 code	2	YES
1270 cove	2	YES
1427 robinwood	2	YES
2195 warren	2	YES
2019 with	2	YES
216 code	2	SUSPECT
606 medic	2	SUSPECT
2012 actually	2	YES
219 you're	2	SUSPECT
15107 on	2	YES
209 or	2	SUSPECT
2027 27	2	YES
346 maintenance	2	SUSPECT
346 medic	2	SUSPECT
201 what's	2	SUSPECT
14401 madison	2	YES
2049 lincoln	2	YES
2129 waterbury	2	YES
2010 gmc	2	YES
112 brown	2	SUSPECT
14625 madison	2	YES
221 respond	2	SUSPECT
280 i'm	2	SUSPECT
18890 timber	2	YES
2023 white	2	YES
300 that's	2	SUSPECT
910 for	2	SUSPECT
329 216	2	SUSPECT
117 of	2	SUSPECT
13512 elber	2	YES
1423 ridgewood	2	YES
1335 edwards	2	YES
1653 northland	2	YES
1010 i	2	YES
147 01	2	SUSPECT
522 medic	2	SUSPECT
1625 riverside	2	YES
220 that	2	SUSPECT
230 to	2	SUSPECT
111 10-7	2	SUSPECT
15210 madison	2	YES
145 360	2	SUSPECT
179 10	2	SUSPECT
15637 madison	2	YES
1261 west	2	YES
414 and	2	SUSPECT
224 213	2	SUSPECT
1554 orchard	2	YES
14547 madison	2	YES
1589 hopkins	2	YES
2121 mckinley	2	YES
1360 bonnevue	2	YES
12040 lake	2	YES
1587 winchester	2	YES
17907 lake	2	YES
1632 lakewood	2	YES
1464 alameda	2	YES
1353 matthews	2	YES
2014 chrysler	2	YES
220 at	2	SUSPECT
13460 lake	2	YES
114 max	2	SUSPECT
1388 beach	2	YES
740 for	2	SUSPECT
205 give	2	SUSPECT
1485 robinwood	2	YES
1252 marlo	2	YES
207 when	2	SUSPECT
508 female	2	SUSPECT
14217 athens	2	YES
303 i'll	2	SUSPECT
135 on	2	SUSPECT
203 myself	2	SUSPECT
259 i'll	2	SUSPECT
911 again	2	SUSPECT
1575 lewis	2	YES
135 11	2	SUSPECT
153 black	2	SUSPECT
519 75	2	SUSPECT
2246 northland	2	YES
2246 north	2	YES
2013 gmc	2	YES
2239 northland	2	YES
302 at	2	SUSPECT
125 0	2	SUSPECT
13428 merle	2	YES
329 madison	2	SUSPECT
218 over	2	SUSPECT
1298 virginia	2	YES
1212 virginia	2	YES
1048 summit	2	YES
220 please	2	SUSPECT
13401 detroit	2	YES
211 driver	2	SUSPECT
229 vehicle	2	SUSPECT
15622 lakewood	2	YES
223 you	2	SUSPECT
1356 hall	2	YES
1301 herd	2	YES
1370 sloanville	2	YES
216 did	2	SUSPECT
118 68	2	SUSPECT
205 they're	2	SUSPECT
216 219	2	SUSPECT
1115 of	2	YES
210 brown	2	SUSPECT
14650 detroit	2	YES
1582 rosewood	2	YES
211 2b	2	SUSPECT
229 3	2	SUSPECT
120 05	2	SUSPECT
1301 matthews	2	YES
220 listing	2	SUSPECT
221 we	2	SUSPECT
628 copy	2	SUSPECT
140 300	2	SUSPECT
2196 lewis	2	YES
802 for	2	SUSPECT
1515 rosewood	2	YES
226 hang	2	SUSPECT
324 of	2	SUSPECT
205 north	2	SUSPECT
12037 lake	2	YES
117 01	2	SUSPECT
222 21	2	SUSPECT
205 ds	2	SUSPECT
1150 linda	2	YES
211 stall	2	SUSPECT
105 brown	2	SUSPECT
13465 franklin	2	YES
261 and	2	SUSPECT
2150 warren	2	YES
216 215	2	SUSPECT
129 i'm	2	SUSPECT
111 of	2	SUSPECT
000 at	2	SUSPECT
118 2	2	SUSPECT
203 please	2	SUSPECT
2024 gray	2	YES
1481 mail	2	YES
209 it's	2	SUSPECT
205 209	2	SUSPECT
2002 richland	2	YES
1220 6	2	YES
219 4	2	SUSPECT
215 what's	2	SUSPECT
830 of	2	SUSPECT
1026 67	2	YES
215 notes	2	SUSPECT
2019 gmc	2	YES
1239 cook	2	YES
214 219	2	SUSPECT
1032 moorewood	2	YES
270 they're	2	SUSPECT
214 we're	2	SUSPECT
1406 detroit	2	YES
219 or	2	SUSPECT
12955 clifton	2	YES
219 with	2	SUSPECT
229 29	2	SUSPECT
220 a	2	SUSPECT
1272 idlewood	2	YES
1539 roycroft	2	YES
13733 madison	2	YES
357 at	2	SUSPECT
201 24	2	SUSPECT
1500 hours	2	YES
117 90	2	SUSPECT
14533 clifton	2	YES
618 ashley	2	SUSPECT
233 male	2	SUSPECT
2024 subaru	2	YES
402 for	2	SUSPECT
2006 silver	2	YES
620 and	2	SUSPECT
169 under	2	SUSPECT
228 10-7	2	SUSPECT
168 21	2	SUSPECT
390 eastbound	2	SUSPECT
223 traffic	2	SUSPECT
2026 26	2	YES
309 10-8	2	SUSPECT
511 74	2	SUSPECT
2097 halstead	2	YES
220 anthony	2	SUSPECT
2178 lewis	2	YES
57155 black	2	SUSPECT
500 cash	2	SUSPECT
221 thank	2	SUSPECT
218 on	2	SUSPECT
2093 clearance	2	YES
116 i	2	SUSPECT
209 respond	2	SUSPECT
13107 ending	2	YES
1423 athens	2	YES
131 7-8	2	SUSPECT
1003 male	2	YES
2170 elber	2	YES
2025 29	2	YES
209 from	2	SUSPECT
185 black	2	SUSPECT
225 i'll	2	SUSPECT
1444 coutant	2	YES
224 6	2	SUSPECT
15526 madison	2	YES
4530 clifton	2	SUSPECT
14724 clifton	2	YES
1423 male	2	YES
238 866	2	SUSPECT
523 of	2	SUSPECT
120 37	2	SUSPECT
15302 arden	2	YES
810 adam	2	SUSPECT
213 206	2	SUSPECT
1439 clifton	2	YES
155 blonde	2	SUSPECT
1597 winton	2	YES
228 to	2	SUSPECT
228 will	2	SUSPECT
125 25	2	SUSPECT
745 245	2	SUSPECT
245 745	2	SUSPECT
215 keystar	2	SUSPECT
1388 cranford	2	YES
205 thank	2	SUSPECT
202 10-8	2	SUSPECT
215 the	2	SUSPECT
278 3	2	SUSPECT
211 roger	2	SUSPECT
215 please	2	SUSPECT
384 384	2	SUSPECT
214 will	2	SUSPECT
16724 lake	2	YES
2025 mercedes	2	YES
636 1	2	SUSPECT
2000 white	2	YES
204 at	2	SUSPECT
214 on	2	SUSPECT
205 name	2	SUSPECT
903 826	2	SUSPECT
16104 hilliard	2	YES
511 150	2	SUSPECT
123 copy	2	SUSPECT
305 copy	2	SUSPECT
1483 ridgewood	2	YES
2010 jeep	2	YES
312 of	2	SUSPECT
2325 niagara	2	YES
215 she	2	SUSPECT
618 i'll	2	SUSPECT
1450 riverside	2	YES
2019 ram	2	YES
151 at	2	SUSPECT
201 engine	2	SUSPECT
1040 medical	2	YES
1284 nicholson	2	YES
14133 detroit	2	YES
1578 elmwood	2	YES
630 at	2	SUSPECT
1471 ridgewood	2	YES
509 said	2	SUSPECT
710 and	2	SUSPECT
14306 v	2	YES
629 medic	2	SUSPECT
117 edgewater	2	SUSPECT
282 copy	2	SUSPECT
2013 bmw	2	YES
57175 brown	2	SUSPECT
219 out	2	SUSPECT
120 27	2	SUSPECT
115 madison	2	SUSPECT
2018 mitsubishi	2	YES
117 next	2	SUSPECT
2019 for	2	YES
2105 block	2	YES
29117 in	2	SUSPECT
213 the	2	SUSPECT
182 58th	2	SUSPECT
12417 madison	2	YES
1360 dl	2	YES
517 at	2	SUSPECT
1404 newman	2	YES
273 10-8	2	SUSPECT
1118 of	2	YES
2018 volkswagen	2	YES
118 to	2	SUSPECT
2013 chrysler	2	YES
2055 morrison	2	YES
205 5	2	SUSPECT
2073 morrison	2	YES
262 or	2	SUSPECT
113 female	2	SUSPECT
215 listening	2	SUSPECT
272 can	2	SUSPECT
272 could	2	SUSPECT
1578 cordova	2	YES
211 car	2	SUSPECT
2045 lincoln	2	YES
600 medic	2	SUSPECT
2019 robin	2	YES
213 brown	2	SUSPECT
1590 grace	2	YES
2025 toyota	2	YES
1202 on	2	YES
307 complainant	2	SUSPECT
273 clifton	2	SUSPECT
211 1	2	SUSPECT
1435 hopkins	2	YES
100 brown	2	SUSPECT
211 franklin	2	SUSPECT
1619 alameda	2	YES
321 q19	2	SUSPECT
319 i'm	2	SUSPECT
1623 rosewood	2	YES
721 a	2	SUSPECT
219 clifton	2	SUSPECT
1234 ethel	2	YES
230 valid	2	SUSPECT
311 of	2	SUSPECT
431 at	2	SUSPECT
13914 clifton	2	YES
117 year	2	SUSPECT
219 in	2	SUSPECT
322 of	2	SUSPECT
2043 waterbury	2	YES
124 you	2	SUSPECT
1517 lincoln	2	YES
117 closed	2	SUSPECT
1224 west	2	YES
173 at	2	SUSPECT
1340 hurd	2	YES
106 male	2	SUSPECT
207 for	2	SUSPECT
125 hunter	2	SUSPECT
517 of	2	SUSPECT
315 for	2	SUSPECT
2008 jeep	2	YES
607 for	2	SUSPECT
2019 larc	2	YES
219 all	2	SUSPECT
1471 waterbury	2	YES
124 madison	2	SUSPECT
211 radio	2	SUSPECT
203 or	2	SUSPECT
1101 west	2	YES
1363 belle	2	YES
220 10-8	2	SUSPECT
117 24	2	SUSPECT
1278 chase	2	YES
236 it	2	SUSPECT
2011 bmw	2	YES
1913 on	2	YES
206 is	2	SUSPECT
1810 lake	2	YES
2207 eldridge	2	YES
422 i'm	2	SUSPECT
1494 alameda	2	YES
219 he	2	SUSPECT
13506 clifton	2	YES
1278 edwards	2	YES
911 an	2	SUSPECT
114 door	2	SUSPECT
219 respond	2	SUSPECT
1200 edgewater	2	YES
908 car	2	SUSPECT
406 the	2	SUSPECT
24306 detroit	2	SUSPECT
1389 annette	2	YES
17712 narragansett	2	YES
117 turn	2	SUSPECT
16902 clifton	2	YES
1594 parkwood	2	YES
118 19	2	SUSPECT
924 medical	2	SUSPECT
226 check	2	SUSPECT
144 15	2	SUSPECT
2088 bunts	2	YES
211 warren	2	SUSPECT
2024 wiscona	2	YES
303 they	2	SUSPECT
117 6	2	SUSPECT
517 for	2	SUSPECT
220 for	2	SUSPECT
224 215	2	SUSPECT
273 we're	2	SUSPECT
273 they're	2	SUSPECT
1458 roycroft	2	YES
1369 beach	2	YES
134 45	2	SUSPECT
210 black	2	SUSPECT
2077 wyandotte	2	YES
529 of	2	SUSPECT
143 06	2	SUSPECT
215 warren	2	SUSPECT
1510 victoria	2	YES
1682 elber	2	YES
1356 marlo	2	YES
58105 brown	2	SUSPECT
160 blonde	2	SUSPECT
17414 madison	2	YES
1640 lauderdale	2	YES
2207 clarence	2	YES
117 215	2	SUSPECT
1278 marlowe	2	YES
1382 frye	2	YES
106 engine	2	SUSPECT
1555 parkwood	2	YES
140 27	2	SUSPECT
228 i	2	SUSPECT
215 10-4	2	SUSPECT
43044 81	2	SUSPECT
7465 year	2	SUSPECT
2160 adkins	2	YES
405 speak	2	SUSPECT
117 19	2	SUSPECT
712 for	2	SUSPECT
146 the	2	SUSPECT
1340 heard	2	YES
103 room	2	SUSPECT
2025 and	2	YES
11735 franklin	2	YES
128 and	2	SUSPECT
2041 albor	2	YES
209 stall	2	SUSPECT
206 are	2	SUSPECT
2019 and	2	YES
1470 ridgewood	2	YES
1208 andrews	2	YES
123 please	2	SUSPECT
911 there	2	SUSPECT
1357 albert	2	YES
2015 mercedes	2	YES
121 of	2	SUSPECT
410 for	2	SUSPECT
11732 lakewood	2	YES
310 the	2	SUSPECT
1443 medic	2	YES
1837 edgewater	2	YES
1543 wyandotte	2	YES
108 go	2	SUSPECT
11817 detroit	2	YES
2026 hyundai	2	YES
17422 cannon	2	YES
132 on	2	SUSPECT
17521 friese	2	YES
1242 chase	2	YES
425 medic	2	SUSPECT
1257 chase	2	YES
262 if	2	SUSPECT
3626 i	2	SUSPECT
122 15	2	SUSPECT
112 please	2	SUSPECT
219 rush	2	SUSPECT
211 30	2	SUSPECT
230 for	2	SUSPECT
2187 alger	2	YES
270 black	2	SUSPECT
519 at	2	SUSPECT
323 for	2	SUSPECT
211 she	2	SUSPECT
1427 winchester	2	YES
211 3	2	SUSPECT
17722 near	2	YES
215 st	2	SUSPECT
1295 beach	2	YES
1610 cheshire	2	YES
1610 chester	2	YES
567 x-ray	2	SUSPECT
17605 archdale	2	YES
360 zebra	2	SUSPECT
2011 at	2	YES
215 blonde	2	SUSPECT
2068 bunts	2	YES
217 do	2	SUSPECT
301 she	2	SUSPECT
111 is	2	SUSPECT
202 head	2	SUSPECT
2026 66	2	YES
314 can	2	SUSPECT
234 i	2	SUSPECT
15319 detroit	2	YES
224 10-7	2	SUSPECT
224 dl	2	SUSPECT
15119 lake	2	YES
229 head	2	SUSPECT
1266 code	2	YES
1363 bunch	2	YES
101 door	2	SUSPECT
518 medic	2	SUSPECT
103 brown	2	SUSPECT
1626 warren	2	YES
1400 bunts	2	YES
2010 dodge	2	YES
2020 at	2	YES
924 female	2	SUSPECT
126 of	2	SUSPECT
211 210	2	SUSPECT
214 copy	2	SUSPECT
210 10-8	2	SUSPECT
1619 orchard	2	YES
1491 blossom	2	YES
11824 madison	2	YES
273 i'll	2	SUSPECT
1550 coutant	2	YES
2012 mazda	2	YES
114 of	2	SUSPECT
421 25	2	SUSPECT
156 black	2	SUSPECT
263 and	2	SUSPECT
261 you	2	SUSPECT
224 225	2	SUSPECT
000 athens	2	SUSPECT
202 6	2	SUSPECT
211 213	2	SUSPECT
2007 pontiac	2	YES
18660 detroit	2	YES
159 14	2	SUSPECT
15914 clifton	2	YES
2011 lincoln	2	YES
211 of	2	SUSPECT
1466 orchard	2	YES
306 for	2	SUSPECT
120 27th	2	SUSPECT
228 203	2	SUSPECT
164 wait	2	SUSPECT
15729 madison	2	YES
211 detroit	2	SUSPECT
206 chevy	2	SUSPECT
620 26	2	SUSPECT
101 and	2	SUSPECT
173 17	2	SUSPECT
1665 waterbury	2	YES
369 bunts	2	SUSPECT
195 black	2	SUSPECT
1400 madison	2	YES
412 of	2	SUSPECT
1187 brockley	2	YES
2019 can	2	YES
1624 alameda	2	YES
902 beach	2	SUSPECT
2252 northland	2	YES
1463 kutont	2	YES
2216 eldreda	2	YES
51113 black	2	SUSPECT
215 thank	2	SUSPECT
1277 cole	2	YES
1593 victoria	2	YES
1446 winchester	2	YES
116 for	2	SUSPECT
116 medic	2	SUSPECT
1282 belle	2	YES
240 yeah	2	SUSPECT
14721 clifton	2	YES
184 25	2	SUSPECT
2183 lakeland	2	YES
2115 2115	2	YES
2115 robin	2	YES
366 tom	2	SUSPECT
2017 mercedes	2	YES
2002 belle	2	YES
15106 detroit	2	YES
1323 belle	2	YES
2019 quail	2	YES
225 just	2	SUSPECT
1022 and	2	YES
2067 ferndale	2	YES
1900 hours	2	YES
1365 lakewood	2	YES
213 is	2	SUSPECT
260 go	2	SUSPECT
221 19	2	SUSPECT
1501 cohasset	2	YES
522 for	2	SUSPECT
2210 bunts	2	YES
53135 brown	2	SUSPECT
1295 gladys	2	YES
207 stand	2	SUSPECT
1580 coutant	2	YES
1227 edwards	2	YES
222 madison	2	SUSPECT
2011 blue	2	YES
1530 ridgewood	2	YES
12005 clifton	2	YES
303 a	2	SUSPECT
2004 19	2	YES
2001 22	2	YES
2004 toyota	2	YES
207 there's	2	SUSPECT
14274 lakewood	2	YES
1622 ridgewood	2	YES
1250 elber	2	YES
1477 waterbury	2	YES
2115 bunts	2	YES
205 oh	2	SUSPECT
218 26	2	SUSPECT
222 bed	2	SUSPECT
1300 detroit	2	YES
160 and	2	SUSPECT
1229 ethel	2	YES
125 82	2	SUSPECT
12627 franklin	2	YES
206 she's	2	SUSPECT
2020 volkswagen	2	YES
9712 copy	2	SUSPECT
12010 clifton	2	YES
282 are	2	SUSPECT
1275 beach	2	YES
1611 marlowe	2	YES
2020 subaru	2	YES
1638 bell	2	YES
1640 alameda	2	YES
1605 clarence	2	YES
1646 elber	2	YES
2053 carabel	2	YES
213 respond	2	SUSPECT
15204 madison	2	YES
1447 graber	2	YES
1315 belle	2	YES
1481 alameda	2	YES
224 at	2	SUSPECT
106 for	2	SUSPECT
218 218	2	SUSPECT
2130 alger	2	YES
1476 west	2	YES
227 the	2	SUSPECT
18100 detroit	2	YES
411 for	2	SUSPECT
218 14	2	SUSPECT
1380 warren	2	YES
224 you're	2	SUSPECT
227 227	2	SUSPECT
1500 parkwood	2	YES
212 cars	2	SUSPECT
14224 detroit	2	YES
227 back	2	SUSPECT
1439 graber	2	YES
2006 volkswagen	2	YES
1581 newman	2	YES
225 you	2	SUSPECT
12950 clifton	2	YES
1678 ridgewood	2	YES
761 zebra	2	SUSPECT
222 we	2	SUSPECT
414 cash	2	SUSPECT
2014 quail	2	YES
722 of	2	SUSPECT
212 29	2	SUSPECT
2157 overbrook	2	YES
214 211	2	SUSPECT
222 22	2	SUSPECT
13926 lake	2	YES
2099 morrison	2	YES
229 219	2	SUSPECT
2033 morrison	2	YES
526 of	2	SUSPECT
229 202	2	SUSPECT
1001 it's	2	YES
118 18th	2	SUSPECT
219 cad	2	SUSPECT
219 west	2	SUSPECT
1277 colts	2	YES
113 for	2	SUSPECT
1611 ridgewood	2	YES
2006 pontiac	2	YES
202 go	2	SUSPECT
1297 thoreau	2	YES
1125 of	2	YES
169 06	2	SUSPECT
2021 jeep	2	YES
1577 on	2	YES
1273 jackson	2	YES
203 a	2	SUSPECT
2019 jaguar	2	YES
221 of	2	SUSPECT
2002 22	2	YES
125 black	2	SUSPECT
17025 madison	2	YES
219 that's	2	SUSPECT
2009 nissan	2	YES
150 blonde	2	SUSPECT
1323 brockley	2	YES
204 she	2	SUSPECT
1570 woodward	2	YES
425 is	2	SUSPECT
223 the	2	SUSPECT
1346 hull	2	YES
2200 wyandotte	2	YES
2086 robin	2	YES
12903 clifton	2	YES
1247 summit	2	YES
202 225	2	SUSPECT
2135 belle	2	YES
282 no	2	SUSPECT
1607 ridgewood	2	YES
207 10-4	2	SUSPECT
303 i	2	SUSPECT
1221 granger	2	YES
1575 elber	2	YES
801 medic	2	SUSPECT
1615 grace	2	YES
1549 spring	2	YES
2004 mercury	2	YES
2943 clifton	2	SUSPECT
1700 hours	2	YES
15620 mass	2	YES
117 it	2	SUSPECT
160 at	2	SUSPECT
16906 delaware	2	YES
14035 madison	2	YES
1623 hopkins	2	YES
2079 clearance	2	YES
1542 winton	2	YES
2216 richland	2	YES
14910 lakewood	2	YES
2147 brown	2	YES
2020 red	2	YES
219 227	2	SUSPECT
1583 northland	2	YES
106 and	2	SUSPECT
2132 waskana	2	YES
1635 cohasset	2	YES
1570 westwood	2	YES
2151 atkins	2	YES
2297 mckinley	2	YES
1406 elber	2	YES
208 10-4	2	SUSPECT
1276 idlewood	2	YES
12525 edgewater	2	YES
14718 detroit	2	YES
224 211	2	SUSPECT
2210 for	2	YES
214 respond	2	SUSPECT
3030 madison	2	SUSPECT
212 just	2	SUSPECT
212 it's	2	SUSPECT
1649 winton	2	YES
212 14	2	SUSPECT
1105 medic	2	YES
202 207	2	SUSPECT
1449 elber	2	YES
2119 glenberry	2	YES
000 or	2	SUSPECT
13500 elver	2	YES
2081 bunts	2	YES
1280 andrews	2	YES
2024 35	2	YES
8915 detroit	2	SUSPECT
1535 coutant	2	YES
1353 belle	2	YES
2023 lark	2	YES
222 in	2	SUSPECT
2080 coyle	2	YES
142 19	2	SUSPECT
1445 roycroft	2	YES
1341 cook	2	YES
1468 elber	2	YES
1349 summit	2	YES
224 that	2	SUSPECT
2020 tesla	2	YES
2025 33	2	YES
14220 ferndale	2	YES
211 she's	2	SUSPECT
1246 manor	2	YES
1346 coves	2	YES
16927 detroit	2	YES
2231 eldred	2	YES
2216 emily	2	YES
14524 delaware	2	YES
227 22	2	SUSPECT
18622 detroit	2	YES
1227 ethel	2	YES
1590 ridgewood	2	YES
1652 lauderdale	2	YES
15102 lanning	2	YES
1658 parkwood	2	YES
227 7	2	SUSPECT
311 and	2	SUSPECT
1244 ramona	2	YES
117 code	2	SUSPECT
270 or	2	SUSPECT
211 did	2	SUSPECT
1508 hopkins	2	YES
1474 male	2	YES
18501 detroit	2	YES
2006 chevy	2	YES
2168 lakeland	2	YES
1416 waterbury	2	YES
2030 mars	2	YES
2003 white	2	YES
2025 he's	2	YES
2231 alger	2	YES
12509 lake	2	YES
14869 detroit	2	YES
2153 halstead	2	YES
511 140	2	SUSPECT
1126 forrest	2	YES
1444 lauderdale	2	YES
2026 lark	2	YES
17814 riverside	2	YES
1377 annett	2	YES
1627 ridgewood	2	YES
13425 madison	2	YES
2029 wyandotte	2	YES
804 for	2	SUSPECT
804 medic	2	SUSPECT
2034 brown	2	YES
1503 rosewood	2	YES
2020 alberta	2	YES
14529 lake	2	YES
14306 fisher	2	YES
1537 lewis	2	YES
222 219	2	SUSPECT
16202 hilliard	2	YES
2134 dowd	2	YES
1617 lakeland	2	YES
913 boy	2	SUSPECT
1578 mars	2	YES
1269 hall	2	YES
222 respond	2	SUSPECT
1341 warren	2	YES
221 just	2	SUSPECT
1653 grace	2	YES
1341 lakelands	2	YES
217 of	2	SUSPECT
145 32	2	SUSPECT
16215 madison	2	YES
13616 medicine	2	YES
221 medic	2	SUSPECT
214 traffic	2	SUSPECT
15100 edgewater	2	YES
1335 webb	2	YES
1329 fry	2	YES
2018 mazda	2	YES
211 code	2	SUSPECT
2100 wiscona	2	YES
1284 gladister	2	YES
1429 graber	2	YES
1215 ramona	2	YES
1539 west	2	YES
1408 ridgewood	2	YES
107 that's	2	SUSPECT
2003 ford	2	YES
204 i'll	2	SUSPECT
2023 year	2	YES
1458 belle	2	YES
172 madison	2	SUSPECT
1228 geale	2	YES
2126 lincoln	2	YES
116 john	2	SUSPECT
1548 spring	2	YES
1338 turd	2	YES
1653 lincoln	2	YES
1299 cove	2	YES
2020 chief	2	YES
222 212	2	SUSPECT
1651 parkwood	2	YES
207 you	2	SUSPECT
225 the	2	SUSPECT
1252 warren	2	YES
223 if	2	SUSPECT
1367 edwards	2	YES
224 24	2	SUSPECT
12954 clifton	2	YES
1552 lauderdale	2	YES
129 lake	2	SUSPECT
2173 clarency	2	YES
222 that	2	SUSPECT
1201 cooks	2	YES
118 29	2	SUSPECT
1365 elber	2	YES
2125 brown	2	YES
1307 bonnevue	2	YES
2195 to	2	YES
117 by	2	SUSPECT
245 can	2	SUSPECT
223 23	2	SUSPECT
1628 marlowe	2	YES
1221 st	2	YES
2073 olive	2	YES
290 brown	2	SUSPECT
2157 mckinley	2	YES
13435 merle	2	YES
117 male	2	SUSPECT
1298 warren	2	YES
2101 halstead	2	YES
1263 jacks	2	YES
11729 clifton	2	YES
204 medic	2	SUSPECT
13304 hazelwood	2	YES
1469 spring	2	YES
14300 lakewood	2	YES
17706 lakewood	2	YES
213 if	2	SUSPECT
19615 lake	2	SUSPECT
1490 ridgewood	2	YES
14718 medicine	2	YES
2128 wyandotte	2	YES
14300 to	2	YES
405 medic	2	SUSPECT
225 medic	2	SUSPECT
270 that	2	SUSPECT
1470 parkhaven	2	YES
1530 parkway	2	YES
224 medic	2	SUSPECT
227 we're	2	SUSPECT
1184 french	2	YES
1650 at	2	YES
52130 brown	2	SUSPECT
2005 dodge	2	YES
117 after	2	SUSPECT
2020 silver	2	YES
2105 arthur	2	YES
510 175	2	SUSPECT
212 do	2	SUSPECT
225 of	2	SUSPECT
2023 cadillac	2	YES
17430 woodford	2	YES
24600 detroit	2	SUSPECT
2067 clarence	2	YES
1391 sloan	2	YES
1330 phelps	2	YES
143 23	2	SUSPECT
2019 baxter	2	YES
17523 madison	2	YES
2210 woodward	2	YES
2002 broadview	2	YES
1442 ridgewood	2	YES
1425 onwood	2	YES
1307 andrews	2	YES
1233 belle	2	YES
2010 chrysler	2	YES
15019 madison	2	YES
11863 edgewater	2	YES
220 in	2	SUSPECT
212 214	2	SUSPECT
212 carbis	2	SUSPECT
2115 arthur	2	YES
163 hilliard	2	SUSPECT
14104 madison	2	YES
1615 lakeland	2	YES
1634 at	2	YES
20251 lake	2	SUSPECT
2018 quayle	2	YES
1472 elmwood	2	YES
145 21	2	SUSPECT
141 for	2	SUSPECT
1632 grace	2	YES
11829 edgewater	2	YES
2017 mazda	2	YES
2016 red	2	YES
15120 edgewater	2	YES
1536 elmwood	2	YES
1446 graber	2	YES
148 10	2	SUSPECT
1446 for	2	YES
12535 edgewater	2	YES
406 engine	2	SUSPECT
1664 cohasset	2	YES
718 of	2	SUSPECT
227 27	2	SUSPECT
205 we've	2	SUSPECT
208 there's	2	SUSPECT
1325 queen	2	YES
17819 webcliff	2	YES
12526 clifton	2	YES
1653 cohasset	2	YES
2088 halstead	2	YES
1621 1621	2	YES
208 209	2	SUSPECT
209 engine	2	SUSPECT
216 for	2	SUSPECT
3190 west	2	SUSPECT
1423 lakewood	2	YES
703 i	2	SUSPECT
138 window	2	SUSPECT
223 could	2	SUSPECT
13727 madison	2	YES
1602 winchester	2	YES
204 this	2	SUSPECT
1219 lakeland	2	YES
826 24	2	SUSPECT
000 bond	2	SUSPECT
301 complainant	2	SUSPECT
000 is	2	SUSPECT
2171 niagara	2	YES
238 you	2	SUSPECT
1223 lakeland	2	YES
2212 is	2	YES
5527 madison	2	SUSPECT
17018 delaware	2	YES
14927 arden	2	YES
14616 clifton	2	YES
2020 chrysler	2	YES
122 25	2	SUSPECT
117 henry	2	SUSPECT
117 that	2	SUSPECT
1360 fry	2	YES
1170 in	2	YES
1354 transferred	2	YES
353 lakewood	2	SUSPECT
292 98	2	SUSPECT
214 you	2	SUSPECT
164 14	2	SUSPECT
1306 matthews	2	YES
105 speak	2	SUSPECT
1641 wyandotte	2	YES
511 160	2	SUSPECT
125 the	2	SUSPECT
146 15	2	SUSPECT
2005 silver	2	YES
622 of	2	SUSPECT
12308 clover	2	YES
1368 phelps	2	YES
1671 bunts	2	YES
2147 dowd	2	YES
119 for	2	SUSPECT
13608 detroit	2	YES
2219 brown	2	YES
105 she	2	SUSPECT
1449 west	2	YES
1617 newman	2	YES
14810 detroit	2	YES
1246 nicholson	2	YES
305 complainant	2	SUSPECT
615 newman	2	SUSPECT
124 of	2	SUSPECT
229 22	2	SUSPECT
18224 detroit	2	YES
1238 donald's	2	YES
270 212	2	SUSPECT
619 for	2	SUSPECT
11844 clifton	2	YES
1614 ridgewood	2	YES
1415 olivewood	2	YES
1285 andrews	2	YES
1306 park	2	YES
1474 ridgewood	2	YES
1594 lakewood	2	YES
2212 carabel	2	YES
1368 pry	2	YES
12984 lake	2	YES
1508 parkway	2	YES
13314 detroit	2	YES
1426 rio	2	YES
410 medic	2	SUSPECT
14900 edgewater	2	YES
2022 robin	2	YES
2033 reveille	2	YES
3850 linden	2	SUSPECT
2183 albert	2	YES
2012 acura	2	YES
1433 mail	2	YES
1496 coutant	2	YES
263 go	2	SUSPECT
202 she	2	SUSPECT
1476 richwood	2	YES
1292 hathaway	2	YES
1219 webb	2	YES
10303 empire	2	SUSPECT
14527 garfield	2	YES
2207 elber	2	YES
2132 ascana	2	YES
2179 waterbury	2	YES
1250 jackson	2	YES
270 will	2	SUSPECT
1369 bunce	2	YES
1533 cohasset	2	YES
100 on	2	SUSPECT
225 respond	2	SUSPECT
1495 st	2	YES
13386 madison	2	YES
1409 waterbury	2	YES
1310 summit	2	YES
2183 elber	2	YES
1247 donald	2	YES
513 of	2	SUSPECT
17897 captains	2	YES
4841 did	2	SUSPECT
313 of	2	SUSPECT
1508 winston	2	YES
14508 madison	2	YES
212 give	2	SUSPECT
14908 clifton	2	YES
1276 ida	2	YES
273 is	2	SUSPECT
11811 lakewood	2	YES
1462 lakewood	2	YES
117 72	2	SUSPECT
2088 halsted	2	YES
1204 marlowe	2	YES
228 i'll	2	SUSPECT
1499 newman	2	YES
17800 franklin	2	YES
1016 out	2	YES
2021 richland	2	YES
2301 niagara	2	YES
1620 victoria	2	YES
220 it	2	SUSPECT
203 her	2	SUSPECT
1335 nelson	2	YES
894 beach	2	SUSPECT
17817 shaw	2	YES
2015 volkswagen	2	YES
17315 archdale	2	YES
204 we'll	2	SUSPECT
114 to	2	SUSPECT
17508 riverway	2	YES
129 62	2	SUSPECT
168 11	2	SUSPECT
163 16	2	SUSPECT
16109 clifton	2	YES
1527 mars	2	YES
12212 plover	2	YES
16413 hilliard	2	YES
207 what's	2	SUSPECT
2132 west	2	YES
1349 warren	2	YES
2008 mercury	2	YES
222 19	2	SUSPECT
221 1209	2	SUSPECT
1276 manor	2	YES
1653 marlowe	2	YES
1661 lauderdale	2	YES
113 39	2	SUSPECT
2060 arthur	2	YES
2074 arthur	2	YES
17314 riverway	2	YES
2069 lewis	2	YES
301 he	2	SUSPECT
1504 winton	2	YES
12542 clifton	2	YES
1807 north	2	YES
2089 halstead	2	YES
185 it's	2	SUSPECT
201 from	2	SUSPECT
1621 elmwood	2	YES
181 29	2	SUSPECT
1434 lauderdale	2	YES
1617 robinwood	2	YES
13301 hazelwood	2	YES
14229 athens	2	YES
208 213	2	SUSPECT
707 medic	2	SUSPECT
203 203	2	SUSPECT
182 25	2	SUSPECT
2205 linden	2	YES
1358 edwards	2	YES
1276 clifton	2	YES
1278 clifton	2	YES
103 can	2	SUSPECT
229 229	2	SUSPECT
1269 coast	2	YES
2004 5	2	YES
1287 edwards	2	YES
207 check	2	SUSPECT
2050 dowell	2	YES
1468 hopkins	2	YES
13346 madison	2	YES
1624 winton	2	YES
911 with	2	SUSPECT
1499 lakeland	2	YES
239 can	2	SUSPECT
282 could	2	SUSPECT
2075 clearance	2	YES
172 21	2	SUSPECT
14920 lanning	2	YES
1416 westwood	2	YES
205 said	2	SUSPECT
15914 lakeville	2	YES
1616 w	2	YES
219 we	2	SUSPECT
1377 park	2	YES
1656 orchard	2	YES
1631 cohabfit	2	YES
210 35	2	SUSPECT
1697 arthur	2	YES
2115 carabel	2	YES
418 can	2	SUSPECT
1760 tunera-gansett	2	YES
1340 ethel	2	YES
1622 at	2	YES
702 medic	2	SUSPECT
1515 west	2	YES
1136 cook	2	YES
2017 bmw	2	YES
212 plate	2	SUSPECT
1346 colesby	2	YES
1626 linton	2	YES
2216 lincoln	2	YES
1361 manor	2	YES
220 15	2	SUSPECT
12005 detroit	2	YES
12027 lake	2	YES
1526 wyandotte	2	YES
2318 1615	2	YES
1242 heard	2	YES
222 she	2	SUSPECT
319 of	2	SUSPECT
2004 white	2	YES
2170 atkins	2	YES
2004 cadillac	2	YES
318 of	2	SUSPECT
17803 riverway	2	YES
102 complainant	2	SUSPECT
102 break	2	SUSPECT
14815 clifton	2	YES
203 19	2	SUSPECT
14713 lake	2	YES
1206 webb	2	YES
11823 clifton	2	YES
1580 ridgewood	2	YES
217 that's	2	SUSPECT
13455 lake	2	YES
1212 hall	2	YES
204 respond	2	SUSPECT
2034 atkins	2	YES
17436 woodford	2	YES
2034 at	2	YES
226 respond	2	SUSPECT
2121 arthur	2	YES
809 medic	2	SUSPECT
1045 homewood	2	YES
226 on	2	SUSPECT
1359 belle	2	YES
2142 chesterland	2	YES
13362 madison	2	YES
117 this	2	SUSPECT
102 window	2	SUSPECT
2221 brown	2	YES
17400 cannon	2	YES
13476 edgewater	2	YES
28902 3	2	SUSPECT
19895 detroit	2	SUSPECT
1237 brockley	2	YES
1467 parkhaven	2	YES
1448 bunts	2	YES
1454 rorycroft	2	YES
205 207	2	SUSPECT
126 50	2	SUSPECT
500 on	2	SUSPECT
300 instant	2	SUSPECT
17444 northwood	2	YES
219 29	2	SUSPECT
2222 chesterland	2	YES
1327 lakewood	2	YES
1492 cordova	2	YES
226 205	2	SUSPECT
17881 lake	2	YES
282 can	2	SUSPECT
1557 alameda	2	YES
128 06	2	SUSPECT
213 those	2	SUSPECT
2124 bunts	2	YES
1474 woodward	2	YES
213 same	2	SUSPECT
2204 alger	2	YES
212 229	2	SUSPECT
2124 wind	2	YES
2110 clarence	2	YES
55150 brown	2	SUSPECT
1257 cole	2	YES
227 in	2	SUSPECT
2122 olive	2	YES
12582 clifton	2	YES
209 bed	2	SUSPECT
227 212	2	SUSPECT
1608 larchmont	2	YES
222 medic	2	SUSPECT
222 203	2	SUSPECT
55135 brown	2	SUSPECT
226 go	2	SUSPECT
127 green	2	SUSPECT
1441 rosewood	2	YES
1612 warren	2	YES
1679 windup	2	YES
1291 gladys	2	YES
400 see	2	SUSPECT
14930 lakewood	2	YES
1363 bell	2	YES
205 if	2	SUSPECT
147 23	2	SUSPECT
2133 dowd	2	YES
2035 chetland	2	YES
1634 victoria	2	YES
507 medic	2	SUSPECT
213 213	2	SUSPECT
2035 trestle	2	YES
12813 detroit	2	YES
211 we	2	SUSPECT
1377 lakeland	2	YES
1260 giel	2	YES
1220 donald	2	YES
169 copy	2	SUSPECT
507 for	2	SUSPECT
1582 orchard	2	YES
222 to	2	SUSPECT
2064 2064	2	YES
2064 at	2	YES
16511 hilliard	2	YES
1258 belle	2	YES
522 of	2	SUSPECT
2055 riverside	2	YES
13828 clifton	2	YES
212 no	2	SUSPECT
233 medic	2	SUSPECT
2069 2069	2	YES
2069 at	2	YES
2013 lincoln	2	YES
525 for	2	SUSPECT
525 medic	2	SUSPECT
1201 webb	2	YES
203 could	2	SUSPECT
14200 madison	2	YES
151 23	2	SUSPECT
1278 belle	2	YES
1382 kose	2	YES
1229 nicholson	2	YES
1264 lakeland	2	YES
419 can	2	SUSPECT
1523 newman	2	YES
58120 brown	2	SUSPECT
1331 gladys	2	YES
15509 madison	2	YES
17527 madison	2	YES
13804 detroit	2	YES
11835 edgewater	2	YES
12933 clifton	2	YES
1578 lakeland	2	YES
1643 rosewood	2	YES
58145 black	2	SUSPECT
182 28	2	SUSPECT
1368 marlowe	2	YES
1500 wagar	2	YES
1615 westwood	2	YES
1425 warren	2	YES
120 of	2	SUSPECT
3389 madison	2	SUSPECT
1476 bridgewood	2	YES
1656 lincoln	2	YES
303 female	2	SUSPECT
1276 pathway	2	YES
1476 lauderdale	2	YES
201 female	2	SUSPECT
2022 tesla	2	YES
1222 of	2	YES
1257 arlington	2	YES
2164 overbrook	2	YES
117 maria	2	SUSPECT
218 the	2	SUSPECT
210 respond	2	SUSPECT
14408 bays	2	YES
1507 cohasset	2	YES
1252 geale	2	YES
13520 albuquerque	2	YES
000 berea	2	SUSPECT
1537 alameda	2	YES
270 70	2	SUSPECT
2007 red	2	YES
1998 honda	2	YES
1303 throw	2	YES
2021 blue	2	YES
2087 lakeland	2	YES
2117 to	2	YES
132 madison	2	SUSPECT
2172 olive	2	YES
1630 elber	2	YES
205 dl	2	SUSPECT
81523 9	2	SUSPECT
207 at	2	SUSPECT
12966 clifton	2	YES
1605 riverside	2	YES
1593 newman	2	YES
220 we're	2	SUSPECT
1331 edwards	2	YES
1205 brockley	2	YES
1459 riverside	2	YES
365 moorwood	2	SUSPECT
2053 robin	2	YES
2160 arthur	2	YES
2023 lexus	2	YES
1423 owego	2	YES
2152 overbroke	2	YES
1386 clarence	2	YES
2021 subaru	2	YES
511 210	2	SUSPECT
17314 madison	2	YES
1416 elmwood	2	YES
448 medic	2	SUSPECT
1359 elber	2	YES
17017 madison	2	YES
305 to	2	SUSPECT
2021 atkins	2	YES
1479 hopkins	2	YES
2170 woodward	2	YES
2140 2140	2	YES
2213 lewis	2	YES
17836 cannon	2	YES
12981 clifton	2	YES
209 when	2	SUSPECT
20662 avalon	2	SUSPECT
1209 geale	2	YES
1518 elber	2	YES
1363 lakewood	2	YES
1196 frankfurt	2	YES
1458 ridgewood	2	YES
1251 hathaway	2	YES
1251 and	2	YES
121 copy	2	SUSPECT
2156 mckinley	2	YES
212 in	2	SUSPECT
2160 halsted	2	YES
17617 franklin	2	YES
1497 winston	2	YES
000 madison	2	SUSPECT
15613 detroit	2	YES
1177 gladys	2	YES
210 i'll	2	SUSPECT
16519 delaware	2	YES
830 beach	2	SUSPECT
1607 medic	2	YES
2168 brown	2	YES
913 of	2	SUSPECT
13321 madison	2	YES
414 of	2	SUSPECT
1553 mars	2	YES
1265 nicholson	2	YES
2171 2171	2	YES
2171 at	2	YES
127 50	2	SUSPECT
1230 hurd	2	YES
13410 emerson	2	YES
1256 edward	2	YES
212 your	2	SUSPECT
1300 athens	2	YES
15500 madison	2	YES
14414 detroit	2	YES
13616 madison	2	YES
1340 fry	2	YES
1463 rosewood	2	YES
17909 lake	2	YES
206 wascana	2	SUSPECT
2197 brown	2	YES
2065 lincoln	2	YES
14702 leonard's	2	YES
1620 alameda	2	YES
117 3	2	SUSPECT
213 27	2	SUSPECT
1371 nicholson	2	YES
237 713	2	SUSPECT
1670 mars	2	YES
1617 mars	2	YES
1617 marsh	2	YES
322 i	2	SUSPECT
191 710	2	SUSPECT
17504 lakewood	2	YES
1590 waterbury	2	YES
2179 carabel	2	YES
2092 larc	2	YES
1591 waterbury	2	YES
17323 archdale	2	YES
1424 elmwood	2	YES
2212 at	2	YES
16932 clifton	2	YES
1559 woodward	2	YES
15027 madison	2	YES
225 212	2	SUSPECT
1654 lauderdale	2	YES
14404 bays	2	YES
2105 carabel	2	YES
2183 bunts	2	YES
227 copy	2	SUSPECT
118 30	2	SUSPECT
1589 alameda	2	YES
176 under	2	SUSPECT
580 humestead	2	SUSPECT
1346 felt	2	YES
1529 belle	2	YES
12490 1249	2	YES
1415 clifton	2	YES
4861 detroit	2	SUSPECT
1251 geale	2	YES
1251 geel	2	YES
2021 dodge	2	YES
1546 belle	2	YES
11820 south	2	YES
1820 south	2	YES
2039 westbound	2	YES
1411 right	2	YES
1209 saint	2	YES
3130 black	2	SUSPECT
818 of	2	SUSPECT
200 blue	2	SUSPECT
3126 expire	2	SUSPECT
3315 detroit	2	SUSPECT
107 thank	2	SUSPECT
29357 robert	2	SUSPECT
1463 lewis	2	YES
1984 5	2	YES
1987 39	2	YES
8190 black	2	SUSPECT
110 8	2	SUSPECT
8108 with	2	SUSPECT
1541 medic	2	YES
1452 lakeland	2	YES
1986 05	2	YES
1042 disregard	2	YES
234 copy	2	SUSPECT
2019 red	2	YES
207 he	2	SUSPECT
2026 39	2	YES
14943 delaware	2	YES
14325 madison	2	YES
1983 42	2	YES
990 east	2	SUSPECT
2025 it	2	YES
1321 nicholson	2	YES
630 west	2	SUSPECT
11610 madison	2	SUSPECT
2025 to	2	YES
7800 detroit	2	SUSPECT
104 6	2	SUSPECT
8180 brown	2	SUSPECT
2028 copy	2	YES
503 the	2	SUSPECT
2029 waterbury	2	YES
180 9	2	SUSPECT
102 for	2	SUSPECT
102 medic	2	SUSPECT
13405 for	2	YES
1621 a	2	YES
1595 victoria	2	YES
225 if	2	SUSPECT
2026 tesla	2	YES
2020 42	2	YES
1391 beach	2	YES
2001 25	2	YES
11819 clifton	2	YES
1592 alameda	2	YES
104 there's	2	SUSPECT
291 franklin	2	SUSPECT
2001 6	2	YES
15116 clifton	2	YES
108 okay	2	SUSPECT
17117 edgewater	2	YES
1619 mars	2	YES
2026 27	2	YES
2007 toyota	2	YES
1612 westwood	2	YES
2168 bunts	2	YES
2228 bunts	2	YES
2025 volkswagen	2	YES
1357 elbur	2	YES
1428 alameda	2	YES
7540 madison	2	SUSPECT
104 her	2	SUSPECT
1265 brown	2	YES
9170 brown	2	SUSPECT
1550 medic	2	YES
2012 yeah	2	YES
6135 brown	2	SUSPECT
401 the	2	SUSPECT
1979 47	2	YES
15522 lakewood	2	YES
9190 brown	2	SUSPECT
116 by	2	SUSPECT
1624 on	2	YES
1984 05	2	YES
112 0	2	SUSPECT
2229 lewis	2	YES
261 or	2	SUSPECT
215 or	2	SUSPECT
000 in	2	SUSPECT
14312 are	2	YES
125 of	2	SUSPECT
225 open	2	SUSPECT
10415 new	2	SUSPECT
1445 wagar	2	YES
2011 kia	2	YES
104 comes	2	SUSPECT
2093 05	2	YES
104 he	2	SUSPECT
11809 south	2	YES
10411 you	2	SUSPECT
17512 freeze	2	YES
802 medic	2	SUSPECT
12520 apartment	2	YES
052 marlowe	2	SUSPECT
2052 marlowe	2	YES
16117 for	2	YES
2026 a	2	YES
2002 dodge	2	YES
2148 wyandotte	2	YES
301 69	2	SUSPECT
701 detroit	2	SUSPECT
1016 c's	2	YES
2012 we're	2	YES
2500 detroit	2	YES
108 if	2	SUSPECT
2216 clearance	2	YES
1627 lunch	2	YES
12401 detroit	2	YES
1130 brown	2	YES
2151 warren	2	YES
1193 warren	2	YES
1428 grace	2	YES
1255 hathaway	2	YES
17208 edgewater	2	YES
1016 if	2	YES
1422 grace	2	YES
2146 chesterland	2	YES
1509 and	2	YES
7150 brown	2	SUSPECT
12595 lake	2	YES
2002 chevy	2	YES
280 and	2	SUSPECT
1631 newmont	2	YES
104 she's	2	SUSPECT
15900 madison	2	YES
2009 pontiac	2	YES
2026 gray	2	YES
104 5	2	SUSPECT
2026 robin	2	YES
104 riverside	2	SUSPECT
2026 38	2	YES
2002 clearance	2	YES
292 17	2	SUSPECT
18616 for	2	YES
618 31	2	SUSPECT
104 confirm	2	SUSPECT
2224 woodward	2	YES
000 staging	2	SUSPECT
1598 lincoln	2	YES
1363 west	2	YES
1600 cordova	2	YES
1507 medic	2	YES
1010 for	2	YES
300 no	2	SUSPECT
2026 there's	2	YES
1322 marlowe	2	YES
2025 at	2	YES
2011 brown	2	YES
2008 silver	2	YES
204 madison	2	SUSPECT
1582 hopkins	2	YES
1648 cohassett	2	YES
8645 detroit	2	SUSPECT
204 10	2	SUSPECT
2033 waterbury	2	YES
868 clifton	2	SUSPECT
1441 wagar	2	YES
2027 53	2	YES
235 bed	2	SUSPECT
11849 11849	2	YES
246 d	2	SUSPECT
17420 17420	2	YES
17420 norton	2	YES
751 at	2	SUSPECT
411 you	2	SUSPECT
1800 edgewater	2	YES
10429 can	2	SUSPECT
2285 riverside	2	YES
305 is	2	SUSPECT
104 0	2	SUSPECT
18235 detroit	2	YES
12413 madison	2	YES
431 2	2	SUSPECT
108 they're	2	SUSPECT
14232 madison	2	YES
109 copy	2	SUSPECT
9117 to	2	SUSPECT
104 but	2	SUSPECT
2810 stop	2	SUSPECT
1040 thank	2	YES
2001 5	2	YES
100 black	2	SUSPECT
261 are	2	SUSPECT
2405 franklin	2	YES
104 sorry	2	SUSPECT
215 no	2	SUSPECT
1555 winchester	2	YES
11810 franklin	2	YES
4725 detroit	2	SUSPECT
2187 waterbury	2	YES
2019 clearance	2	YES
12006 clifton	2	YES
12315 detroit	2	YES
500 for	2	SUSPECT
2018 toyota	2	YES
104 your	2	SUSPECT
1480 lakewood	2	YES
1623 orchard	2	YES
26103 lorraine	2	SUSPECT
1821 detroit	2	YES
12529 clover	2	YES
2202 chesterland	2	YES
220 11	2	SUSPECT
1274 saint	2	YES
204 west	2	SUSPECT
2088 chesterland	2	YES
236 medic	2	SUSPECT
7625 detroit	2	SUSPECT
104 got	2	SUSPECT
1614 victoria	2	YES
109 b	2	SUSPECT
330 detroit	2	SUSPECT
04107 launch	2	SUSPECT
1670 woodward	2	YES
2026 62	2	YES
20600 detroit	2	SUSPECT
2067 waterbury	2	YES
117 western	2	SUSPECT
1449 alameda	2	YES
13419 harlan	2	YES
14710 detroit	2	YES
1684 arthur	2	YES
14918 clifton	2	YES
15520 detroit	2	YES
1994 05	2	YES
17009 madison	2	YES
17221 clifton	2	YES
1324 hurd	2	YES
104 when	2	SUSPECT
1563 northland	2	YES
2014 lexus	2	YES
142 b	2	SUSPECT
1989 36	2	YES
5409 edgewater	2	SUSPECT
179 copy	2	SUSPECT
143 0	2	SUSPECT
278 copy	2	SUSPECT
107 install	2	SUSPECT
105 3	2	SUSPECT
2200 at	2	YES
221 in	2	SUSPECT
2000 26	2	YES
2008 17	2	YES
17613 lakewood	2	YES
2100 richland	2	YES
6915 detroit	2	SUSPECT
8140 brown	2	SUSPECT
2012 volkswagen	2	YES
2009 clifton	2	YES
121 medic	2	SUSPECT
1075 kirtland	2	YES
539 medic	2	SUSPECT
149 medic	2	SUSPECT
1552 alameda	2	YES
12506 at	2	YES
2113 richland	2	YES
17886 beach	2	YES
146 d	2	SUSPECT
15003 madison	2	YES
2021 edgewater	2	YES
1650 orchard	2	YES
2094 for	2	YES
722 copy	2	SUSPECT
2027 no	2	YES
2022 nissan	2	YES
1738 lake	2	YES
1633 alameda	2	YES
13743 madison	2	YES
511 for	2	SUSPECT
2222 detroit	2	YES
1495 elmwood	2	YES
1266 for	2	YES
1265 beach	2	YES
3201 madison	2	SUSPECT
1551 alameda	2	YES
415 disregard	2	SUSPECT
1997 05	2	YES
1207 warren	2	YES
2026 18	2	YES
6180 brown	2	SUSPECT
29107 on	2	SUSPECT
365 in	2	SUSPECT
800 bets	2	SUSPECT
116 henry	2	SUSPECT
100 16	2	SUSPECT
303 officers	2	SUSPECT
2026 he's	2	YES
1180 black	2	YES
54165 brown	2	SUSPECT
1532 hopkins	2	YES
1001 for	2	YES
1998 05	2	YES
1969 from	2	YES
104 all	2	SUSPECT
1519 ridgewood	2	YES
1638 wagar	2	YES
2152 brown	2	YES
1318 frye	2	YES
1549 rockaway	2	YES
117 number	2	SUSPECT
15713 detroit	2	YES
1216 at	2	YES
2203 clifton	2	YES
15105 detroit	2	YES
162 chesterland	2	SUSPECT
2026 25	2	YES
232 bed	2	SUSPECT
29117 for	2	SUSPECT
2212 bunts	2	YES
1437 westwood	2	YES
117 but	2	SUSPECT
1399 the	2	YES
14624 clifton	2	YES
1423 rio	2	YES
100 in	2	SUSPECT
14051 madison	2	YES
17511 daleview	2	YES
400 6	2	SUSPECT
1276 overlook	2	YES
220 1	2	SUSPECT
104 white	2	SUSPECT
1981 44	2	YES
202 have	2	SUSPECT
1989 05	2	YES
2026 it's	2	YES
990 west	2	SUSPECT
12210 detroit	2	YES
1462 olivewood	2	YES
1650 alameda	2	YES
134 sick	2	SUSPECT
503 cohassett	2	SUSPECT
12284 41	2	YES
4130 brown	2	SUSPECT
14313 delaware	2	YES
2019 copy	2	YES
108 do	2	SUSPECT
18183 clifton	2	YES
1503 winchester	2	YES
17100 madison	2	YES
2020 wascana	2	YES
3531 detroit	2	SUSPECT
1922 madison	2	YES
15319 detroit's	2	YES
430 6	2	SUSPECT
130 for	2	SUSPECT
501 medic	2	SUSPECT
1486 woodward	2	YES
2026 it	2	YES
600 west	2	SUSPECT
2005 21	2	YES
1422 northland	2	YES
911 that	2	SUSPECT
1200 black	2	YES
11731 lake	2	YES
12227 there's	2	YES
16720 lake	2	YES
104 17	2	SUSPECT
1357 at	2	YES
1044 you	2	YES
2024 station	2	YES
8171 black	2	SUSPECT
125 or	2	SUSPECT
14923 edgewater	2	YES
141 17	2	SUSPECT
13315 straight	2	YES
5207 madison	2	SUSPECT
17306 madison	2	YES
104 20	2	SUSPECT
14233 garfield	2	YES
2007 lexus	2	YES
200 000	2	SUSPECT
1329 warren	2	YES
1600 westmont	2	YES
2174 elbur	2	YES
14800 medic	2	YES
16400 madison	2	YES
3229 madison	2	SUSPECT
14760 athens	2	YES
104 19	2	SUSPECT
2027 56	2	YES
417 disregard	2	SUSPECT
381 bunts	2	SUSPECT
729 you	2	SUSPECT
2018 dark	2	YES
1129 medic	2	YES
906 for	2	SUSPECT
14505 athens	2	YES
1578 reach	2	YES
1106 for	2	YES
16505 lake	2	YES
104 come	2	SUSPECT
2026 registered	2	YES
150 759	2	SUSPECT
6407 detroit	2	SUSPECT
908 beach	2	SUSPECT
1462 woodward	2	YES
107 mileage	2	SUSPECT
1055 nicholson	2	YES
204 bed	2	SUSPECT
2004 05	2	YES
1019 for	2	YES
14328 delaware	2	YES
61224 black	2	SUSPECT
2023 volkswagen	2	YES
12034 clifton	2	YES
2168 clearance	2	YES
2109 riverside	2	YES
4251 west	2	SUSPECT
18200 flown	2	YES
13610 detroit	2	YES
2025 buick	2	YES
104 engine	2	SUSPECT
1449 truck	2	YES
1359 elbur	2	YES
1825 lake	2	YES
1292 code	2	YES
1500 victoria	2	YES
206 it's	2	SUSPECT
600 detroit	2	SUSPECT
5412 detroit	2	SUSPECT
2025 mitsubishi	2	YES
2025 jeep	2	YES
1431 riverside	2	YES
1574 for	2	YES
1574 medic	2	YES
1535 parkwood	2	YES
2153 lakeland	2	YES
128 at	2	SUSPECT
16016 madison	2	YES
2083 warren	2	YES
17437 shaw	2	YES
422 for	2	SUSPECT
422 medic	2	SUSPECT
1473 wyandotte	2	YES
679 dover	2	SUSPECT
2033 halsted	2	YES
1245 bonny	2	YES
2011 mazda	2	YES
2027 the	2	YES
17844 lake	2	YES
1657 elmwood	2	YES
667 1667	2	SUSPECT
603 they	2	SUSPECT
14237 athens	2	YES
204 kufner	2	SUSPECT
1650 waterbury	2	YES
10414 you	2	SUSPECT
29117 detroit	2	SUSPECT
2027 showing	2	YES
1975 51	2	YES
100 1	2	SUSPECT
211 for	2	SUSPECT
215 at	2	SUSPECT
104 we'll	2	SUSPECT
1299 chase	2	YES
9180 brown	2	SUSPECT
14117 clifton	2	YES
15555 hilliard	2	YES
250 copy	2	SUSPECT
13711 madison	2	YES
1494 ridgewood	2	YES
104 29	2	SUSPECT
12518 number	2	YES
1383 bonny	2	YES
104 was	2	SUSPECT
10412 you	2	SUSPECT
329 on	2	SUSPECT
1480 copy	2	YES
3217 and	2	SUSPECT
152 run	2	SUSPECT
2199 lincoln	2	YES
112 from	2	SUSPECT
10415 disregard	2	SUSPECT
15111 clifton	2	YES
1447 clifton	2	YES
15703 lake	2	YES
1632 cohassett	2	YES
1282 hurd	2	YES
15645 madison	2	YES
2007 19	2	YES
215 check	2	SUSPECT
736 for	2	SUSPECT
9155 brown	2	SUSPECT
2121 morrison	2	YES
2159 alger	2	YES
1636 parkwood	2	YES
1477 riverside	2	YES
215 17	2	SUSPECT
2027 63	2	YES
3120 brown	2	SUSPECT
1445 cohassett	2	YES
151 please	2	SUSPECT
1250 beach	2	YES
1287 donald	2	YES
15602 detroit	2	YES
1464 lakeland	2	YES
12951 for	2	YES
1643 elmwood	2	YES
15117 detroit	2	YES
1612 northland	2	YES
117 do	2	SUSPECT
2152 elbur	2	YES
12006 edgewater	2	YES
268 copy	2	SUSPECT
130 first	2	SUSPECT
1599 waterbury	2	YES
104 station	2	SUSPECT
13385 madison	2	YES
1535 lauderdale	2	YES
1251 saint	2	YES
1633 cordova	2	YES
1541 parkwood	2	YES
1437 lakeland	2	YES
1436 woodward	2	YES
1476 ridgewood	2	YES
226 2	2	SUSPECT
13900 room	2	YES
2010 brown	2	YES
18140 clifton	2	YES
1347 lakewood	2	YES
1236 nicholson	2	YES
1468 woodward	2	YES
2027 she's	2	YES
300 298	2	SUSPECT
3708 madison	2	SUSPECT
1614 waterbury	2	YES
15634 lakewood	2	YES
20729 woodstock	2	SUSPECT
1233 virginia	2	YES
229 okay	2	SUSPECT
1285 west	2	YES
502 property	2	SUSPECT
17770 riverside	2	YES
1331 arlington	2	YES
12015 cluster	2	YES
2190 brown	2	YES
1389 giel	2	YES
2254 warren	2	YES
1531 warren	2	YES
1256 marlowe	2	YES
15300 clifton	2	YES
2115 lewis	2	YES
811 for	2	SUSPECT
1221 virginia	2	YES
17443 woodford	2	YES
14323 madison	2	YES
12600 berea	2	YES
1200 through	2	YES
15010 hilliard	2	YES
1497 lauderdale	2	YES
