word	count	note
was	7609	short-token
if	5533	short-token
are	4764	short-token
old	4665	short-token
me	4442	short-token
him	3817	short-token
set	3769	short-token
now	3369	short-token
104	3345	numeric-out-of-range
got	3237	short-token
has	2617	short-token
do	2553	short-token
see	2456	short-token
so	2361	short-token
by	2231	short-token
but	2186	short-token
off	1874	short-token
211	1798	numeric-out-of-range
as	1785	short-token
my	1717	short-token
us	1583	short-token
any	1513	short-token
sam	1426	short-token
lot	1399	short-token
did	1347	short-token
had	1240	short-token
215	1144	numeric-out-of-range
tom	1130	short-token
117	1123	numeric-out-of-range
yes	1098	short-token
205	1073	numeric-out-of-range
our	1065	short-token
117th	1048	alphanumeric-oddity
229	1023	numeric-out-of-range
try	947	short-token
run	891	short-token
let	889	short-token
203	889	numeric-out-of-range
212	828	numeric-out-of-range
dl	815	short-token
id	813	short-token
add	791	short-token
220	772	numeric-out-of-range
219	739	numeric-out-of-range
202	707	numeric-out-of-range
217	691	numeric-out-of-range
put	682	short-token
hit	635	short-token
boy	588	short-token
222	586	numeric-out-of-range
213	580	numeric-out-of-range
new	571	short-token
o	560	short-token
209	554	numeric-out-of-range
108	548	numeric-out-of-range
224	540	numeric-out-of-range
ida	532	short-token
say	504	short-token
214	495	numeric-out-of-range
too	493	short-token
221	485	numeric-out-of-range
may	469	short-token
216	468	numeric-out-of-range
dog	440	short-token
follow-up	406	possible-hyphenated-artefact
gas	395	short-token
218	393	numeric-out-of-range
how	389	short-token
bye	364	short-token
hi	362	short-token
208	358	numeric-out-of-range
saw	356	short-token
few	354	short-token
207	343	numeric-out-of-range
225	336	numeric-out-of-range
end	323	short-token
cut	322	short-token
kia	319	short-token
use	315	short-token
ago	312	short-token
204	309	numeric-out-of-range
bit	308	short-token
day	296	short-token
suv	284	short-token
226	269	numeric-out-of-range
er	268	short-token
oh	261	short-token
tow	260	short-token
210	257	numeric-out-of-range
mom	255	short-token
far	255	short-token
key	253	short-token
hey	243	short-token
son	242	short-token
st	242	short-token
201	242	numeric-out-of-range
yet	241	short-token
ran	224	short-token
man	220	short-token
bus	219	short-token
17th	218	alphanumeric-oddity
cad	212	short-token
van	208	short-token
280	205	numeric-out-of-range
105	204	numeric-out-of-range
guy	203	short-token
206	200	numeric-out-of-range
228	200	numeric-out-of-range
270	196	numeric-out-of-range
bar	191	short-token
due	190	short-token
am	188	short-token
b	188	short-token
227	178	numeric-out-of-range
ds	176	short-token
107	174	numeric-out-of-range
top	171	short-token
ask	170	short-token
c	165	short-token
dci	159	short-token
why	158	short-token
mr	157	short-token
inn	155	short-token
cvs	154	short-token
air	152	short-token
ed	151	short-token
t	151	short-token
gmc	144	short-token
ems	143	short-token
hat	140	short-token
273	137	numeric-out-of-range
s	137	short-token
gun	136	short-token
200	135	numeric-out-of-range
pd	135	short-token
goa	134	short-token
223	129	numeric-out-of-range
tag	129	short-token
911	128	numeric-out-of-range
k	124	short-token
3rd	122	alphanumeric-oddity
250	122	numeric-out-of-range
d	122	short-token
box	119	short-token
bag	116	short-token
282	113	numeric-out-of-range
row	113	short-token
ok	109	short-token
118	109	numeric-out-of-range
cat	108	short-token
utl	106	short-token
l	106	short-token
com	102	short-token
125	102	numeric-out-of-range
aid	102	short-token
uh	99	short-token
leg	99	short-token
jr	98	short-token
its	98	short-token
pc	95	short-token
co	94	short-token
x	94	short-token
kid	94	short-token
r	93	short-token
ccw	90	short-token
low	87	short-token
305	87	numeric-out-of-range
pay	86	short-token
own	86	short-token
eta	84	short-token
m	83	short-token
sec	82	short-token
eye	82	short-token
103	81	numeric-out-of-range
bmw	80	short-token
bay	80	short-token
301	79	numeric-out-of-range
120	77	numeric-out-of-range
f	77	short-token
314	76	numeric-out-of-range
e	76	short-token
bad	76	short-token
329	76	numeric-out-of-range
rta	76	short-token
v	75	short-token
w	74	short-token
29th	74	alphanumeric-oddity
116	74	numeric-out-of-range
god	73	short-token
dad	73	short-token
2nd	72	alphanumeric-oddity
g	72	short-token
big	71	short-token
h	69	short-token
119	68	numeric-out-of-range
101	68	numeric-out-of-range
19th	68	alphanumeric-oddity
300	67	numeric-out-of-range
303	67	numeric-out-of-range
500	66	numeric-out-of-range
j	65	short-token
p	65	short-token
llc	64	short-token
cap	64	short-token
111	64	numeric-out-of-range
arm	64	short-token
119th	64	alphanumeric-oddity
mac	62	short-token
511	61	numeric-out-of-range
106	60	numeric-out-of-range
1st	59	alphanumeric-oddity
ram	59	short-token
116th	58	alphanumeric-oddity
tan	58	short-token
124	58	numeric-out-of-range
lee	57	short-token
10-16s	56	alphanumeric-oddity
320	56	numeric-out-of-range
10-16c	56	alphanumeric-oddity
102	56	numeric-out-of-range
703	56	numeric-out-of-range
143	55	numeric-out-of-range
114	55	numeric-out-of-range
150	55	numeric-out-of-range
321	55	numeric-out-of-range
u	55	short-token
5th	54	alphanumeric-oddity
140	54	numeric-out-of-range
319	54	numeric-out-of-range
job	53	short-token
272	53	numeric-out-of-range
307	53	numeric-out-of-range
cch	53	short-token
via	53	short-token
cab	52	short-token
ice	52	short-token
cei	52	short-token
309	51	numeric-out-of-range
113	51	numeric-out-of-range
6th	51	alphanumeric-oddity
260	50	numeric-out-of-range
26th	50	alphanumeric-oddity
299	50	numeric-out-of-range
129	50	numeric-out-of-range
123	50	numeric-out-of-range
4th	49	alphanumeric-oddity
230	49	numeric-out-of-range
bp	49	short-token
per	48	short-token
401	47	numeric-out-of-range
122	46	numeric-out-of-range
160	46	numeric-out-of-range
mag	46	short-token
sit	46	short-token
513	46	numeric-out-of-range
142	46	numeric-out-of-range
11th	45	alphanumeric-oddity
oic	45	short-token
cpd	45	short-token
306	45	numeric-out-of-range
15th	45	alphanumeric-oddity
233	44	numeric-out-of-range
ama	44	short-token
170	44	numeric-out-of-range
261	44	numeric-out-of-range
hd	44	short-token
hot	44	short-token
924	43	numeric-out-of-range
130	43	numeric-out-of-range
16th	43	alphanumeric-oddity
dv	42	short-token
ix	42	short-token
217th	42	alphanumeric-oddity
fun	42	short-token
115	42	numeric-out-of-range
n	42	short-token
251	42	numeric-out-of-range
710	42	numeric-out-of-range
110	42	numeric-out-of-range
ex	41	short-token
obi	41	short-token
127	41	numeric-out-of-range
311	41	numeric-out-of-range
crv	41	short-token
277	40	numeric-out-of-range
629	40	numeric-out-of-range
tv	40	short-token
fix	40	short-token
die	40	short-token
135	40	numeric-out-of-range
620	40	numeric-out-of-range
yep	40	short-token
190	39	numeric-out-of-range
264	39	numeric-out-of-range
175	39	numeric-out-of-range
180	38	numeric-out-of-range
302	38	numeric-out-of-range
fee	38	short-token
410	38	numeric-out-of-range
290	37	numeric-out-of-range
147	37	numeric-out-of-range
med	37	short-token
317	37	numeric-out-of-range
ian	37	short-token
ina	37	short-token
112	37	numeric-out-of-range
263	37	numeric-out-of-range
148	36	numeric-out-of-range
109	36	numeric-out-of-range
262	36	numeric-out-of-range
429	36	numeric-out-of-range
146	36	numeric-out-of-range
ave	35	short-token
ovi	35	short-token
126	35	numeric-out-of-range
510	35	numeric-out-of-range
151	34	numeric-out-of-range
172	34	numeric-out-of-range
hy	34	short-token
vee	34	short-token
249	33	numeric-out-of-range
joe	33	short-token
235	33	numeric-out-of-range
131	33	numeric-out-of-range
173	33	numeric-out-of-range
log	32	short-token
13th	32	alphanumeric-oddity
239	32	numeric-out-of-range
uto	32	short-token
310	32	numeric-out-of-range
sun	32	short-token
618	32	numeric-out-of-range
app	32	short-token
611	32	numeric-out-of-range
520	32	numeric-out-of-range
age	32	short-token
7th	32	alphanumeric-oddity
519	32	numeric-out-of-range
ai	32	short-token
28th	31	alphanumeric-oddity
dob	31	short-token
dus	31	short-token
236	31	numeric-out-of-range
cbs	31	short-token
506	31	numeric-out-of-range
232	31	numeric-out-of-range
425	31	numeric-out-of-range
tpo	31	short-token
four-door	31	possible-hyphenated-artefact
ray	31	short-token
cit	30	short-token
ht	30	short-token
nor	30	short-token
award-winning	30	possible-hyphenated-artefact
145	30	numeric-out-of-range
met	30	short-token
san	30	short-token
414	30	numeric-out-of-range
231	30	numeric-out-of-range
cop	30	short-token
234	30	numeric-out-of-range
308	30	numeric-out-of-range
law	29	short-token
165	29	numeric-out-of-range
ro	29	short-token
q	29	short-token
128	29	numeric-out-of-range
2506	29	numeric-out-of-range
600	29	numeric-out-of-range
10am	29	alphanumeric-oddity
29107	29	numeric-out-of-range
720	28	numeric-out-of-range
278	28	numeric-out-of-range
web	28	short-token
422	28	numeric-out-of-range
121	28	numeric-out-of-range
oil	28	short-token
259	28	numeric-out-of-range
714	28	numeric-out-of-range
908	28	numeric-out-of-range
159	28	numeric-out-of-range
lsd	27	short-token
315	27	numeric-out-of-range
136	27	numeric-out-of-range
doa	27	short-token
156	26	numeric-out-of-range
182	26	numeric-out-of-range
ann	26	short-token
buy	26	short-token
417	26	numeric-out-of-range
12th	26	alphanumeric-oddity
402	26	numeric-out-of-range
323	26	numeric-out-of-range
map	26	short-token
601	26	numeric-out-of-range
502	26	numeric-out-of-range
408	26	numeric-out-of-range
la	25	short-token
312	25	numeric-out-of-range
ya	25	short-token
612	25	numeric-out-of-range
241	25	numeric-out-of-range
149	25	numeric-out-of-range
118th	25	alphanumeric-oddity
901	25	numeric-out-of-range
pit	25	short-token
411	25	numeric-out-of-range
um	24	short-token
240	24	numeric-out-of-range
405	24	numeric-out-of-range
dc	24	short-token
419	24	numeric-out-of-range
621	24	numeric-out-of-range
325	24	numeric-out-of-range
153	24	numeric-out-of-range
237	24	numeric-out-of-range
721	24	numeric-out-of-range
sgt	24	short-token
don	24	short-token
503	24	numeric-out-of-range
cdl	24	short-token
rav4	23	alphanumeric-oddity
pa	23	short-token
133	23	numeric-out-of-range
164	23	numeric-out-of-range
242	23	numeric-out-of-range
630	23	numeric-out-of-range
292	23	numeric-out-of-range
318	23	numeric-out-of-range
609	23	numeric-out-of-range
406	23	numeric-out-of-range
drive-thru	23	possible-hyphenated-artefact
11108	23	numeric-out-of-range
255	22	numeric-out-of-range
162	22	numeric-out-of-range
400	22	numeric-out-of-range
245	22	numeric-out-of-range
115th	22	alphanumeric-oddity
max	22	short-token
603	22	numeric-out-of-range
ms	22	short-token
oak	22	short-token
304	22	numeric-out-of-range
bet	22	short-token
702	22	numeric-out-of-range
243	22	numeric-out-of-range
512	22	numeric-out-of-range
910	22	numeric-out-of-range
132	21	numeric-out-of-range
fed	21	short-token
155	21	numeric-out-of-range
20th	21	alphanumeric-oddity
185	21	numeric-out-of-range
fit	21	short-token
jim	21	short-token
287	21	numeric-out-of-range
kfc	21	short-token
nol	21	short-token
990	21	numeric-out-of-range
163	21	numeric-out-of-range
810	21	numeric-out-of-range
415	21	numeric-out-of-range
amr	21	short-token
700	21	numeric-out-of-range
19108	21	numeric-out-of-range
324	20	numeric-out-of-range
cam	20	short-token
ovt	20	short-token
293	20	numeric-out-of-range
144	20	numeric-out-of-range
osp	20	short-token
y	20	short-token
va	20	short-token
138	20	numeric-out-of-range
254	20	numeric-out-of-range
tim	20	short-token
171	20	numeric-out-of-range
20s	20	alphanumeric-oddity
19104	20	numeric-out-of-range
4312	20	numeric-out-of-range
par	20	short-token
4108	20	numeric-out-of-range
29108	20	numeric-out-of-range
fan	19	short-token
174	19	numeric-out-of-range
dark-colored	19	possible-hyphenated-artefact
288	19	numeric-out-of-range
181	19	numeric-out-of-range
pop	19	short-token
326	19	numeric-out-of-range
269	19	numeric-out-of-range
169	19	numeric-out-of-range
tax	19	short-token
fe	19	short-token
195	19	numeric-out-of-range
27th	19	alphanumeric-oddity
sub	19	short-token
114th	19	alphanumeric-oddity
274	19	numeric-out-of-range
605	19	numeric-out-of-range
8th	19	alphanumeric-oddity
517	19	numeric-out-of-range
sky	19	short-token
sat	19	short-token
420	19	numeric-out-of-range
mid	19	short-token
hc	18	short-token
rms	18	short-token
dr	18	short-token
10th	18	alphanumeric-oddity
fox	18	short-token
740	18	numeric-out-of-range
412	18	numeric-out-of-range
dry	18	short-token
421	18	numeric-out-of-range
806	18	numeric-out-of-range
fax	18	short-token
404	18	numeric-out-of-range
21st	18	alphanumeric-oddity
297	18	numeric-out-of-range
802	18	numeric-out-of-range
2900	18	numeric-out-of-range
4300	18	numeric-out-of-range
ex-boyfriend	18	possible-hyphenated-artefact
522	18	numeric-out-of-range
odd	18	short-token
zoo	18	short-token
29117	18	numeric-out-of-range
2510	18	numeric-out-of-range
04108	18	numeric-out-of-range
285	17	numeric-out-of-range
176	17	numeric-out-of-range
192	17	numeric-out-of-range
dot	17	short-token
253	17	numeric-out-of-range
val	17	short-token
pat	17	short-token
joy	17	short-token
fc	17	short-token
1b	17	alphanumeric-oddity
9th	17	alphanumeric-oddity
622	17	numeric-out-of-range
271	17	numeric-out-of-range
14th	17	alphanumeric-oddity
298	17	numeric-out-of-range
pv	17	short-token
ron	16	short-token
10-16cs	16	alphanumeric-oddity
men	16	short-token
840	16	numeric-out-of-range
usa	16	short-token
lab	16	short-token
252	16	numeric-out-of-range
obg	16	short-token
711	16	numeric-out-of-range
920	16	numeric-out-of-range
dui	16	short-token
ag	16	short-token
730	16	numeric-out-of-range
295	16	numeric-out-of-range
403	16	numeric-out-of-range
189	16	numeric-out-of-range
416	16	numeric-out-of-range
365	16	numeric-out-of-range
316	16	numeric-out-of-range
291	16	numeric-out-of-range
141	16	numeric-out-of-range
335	16	numeric-out-of-range
atm	16	short-token
409	16	numeric-out-of-range
179	16	numeric-out-of-range
906	16	numeric-out-of-range
20107	16	numeric-out-of-range
1000000	16	numeric-out-of-range
leo	15	short-token
930	15	numeric-out-of-range
134	15	numeric-out-of-range
168	15	numeric-out-of-range
808	15	numeric-out-of-range
322	15	numeric-out-of-range
mic	15	short-token
pub	15	short-token
246	15	numeric-out-of-range
610	15	numeric-out-of-range
net	15	short-token
dca	15	short-token
501	15	numeric-out-of-range
win	15	short-token
531	15	numeric-out-of-range
191	15	numeric-out-of-range
apr	15	short-token
443	15	numeric-out-of-range
pm	15	short-token
186	15	numeric-out-of-range
628	15	numeric-out-of-range
431	15	numeric-out-of-range
508	15	numeric-out-of-range
140th	15	alphanumeric-oddity
re	15	short-token
107108	15	numeric-out-of-range
279	14	numeric-out-of-range
727	14	numeric-out-of-range
360	14	numeric-out-of-range
rv	14	short-token
cpr	14	short-token
bob	14	short-token
430	14	numeric-out-of-range
619	14	numeric-out-of-range
gl	14	short-token
po	14	short-token
275	14	numeric-out-of-range
330	14	numeric-out-of-range
pan	14	short-token
917	14	numeric-out-of-range
744	14	numeric-out-of-range
826	14	numeric-out-of-range
z	14	short-token
256	14	numeric-out-of-range
cup	14	short-token
gla	14	short-token
hip	14	short-token
328	14	numeric-out-of-range
346	14	numeric-out-of-range
977	14	numeric-out-of-range
157	14	numeric-out-of-range
706	14	numeric-out-of-range
8107	14	numeric-out-of-range
2511	14	numeric-out-of-range
7108	14	numeric-out-of-range
11107	14	numeric-out-of-range
440	13	numeric-out-of-range
650	13	numeric-out-of-range
713	13	numeric-out-of-range
289	13	numeric-out-of-range
ev	13	short-token
525	13	numeric-out-of-range
296	13	numeric-out-of-range
276	13	numeric-out-of-range
509	13	numeric-out-of-range
139	13	numeric-out-of-range
re-secured	13	possible-hyphenated-artefact
iv	13	short-token
530	13	numeric-out-of-range
651	13	numeric-out-of-range
229th	13	alphanumeric-oddity
413	13	numeric-out-of-range
ac	13	short-token
wow	13	short-token
178	13	numeric-out-of-range
2b	13	alphanumeric-oddity
el	13	short-token
257	13	numeric-out-of-range
rav	13	short-token
607	13	numeric-out-of-range
238	13	numeric-out-of-range
809	13	numeric-out-of-range
613	13	numeric-out-of-range
340	13	numeric-out-of-range
ear	13	short-token
407	13	numeric-out-of-range
2910	13	numeric-out-of-range
418	13	numeric-out-of-range
722	13	numeric-out-of-range
19107	13	numeric-out-of-range
b260294	13	alphanumeric-oddity
b260679	13	alphanumeric-oddity
obd	12	short-token
con	12	short-token
act	12	short-token
5107	12	numeric-out-of-range
dov	12	short-token
ids	12	short-token
mel	12	short-token
527	12	numeric-out-of-range
624	12	numeric-out-of-range
617	12	numeric-out-of-range
177	12	numeric-out-of-range
tie	12	short-token
313	12	numeric-out-of-range
821	12	numeric-out-of-range
rsp	12	short-token
150th	12	alphanumeric-oddity
fly	12	short-token
606	12	numeric-out-of-range
low-hanging	12	possible-hyphenated-artefact
258	12	numeric-out-of-range
ben	12	short-token
532	12	numeric-out-of-range
615	12	numeric-out-of-range
921	12	numeric-out-of-range
wet	12	short-token
928	12	numeric-out-of-range
915	12	numeric-out-of-range
736	12	numeric-out-of-range
doc	12	short-token
11104	12	numeric-out-of-range
10415	12	numeric-out-of-range
lit	11	short-token
198	11	numeric-out-of-range
tip	11	short-token
350	11	numeric-out-of-range
huh	11	short-token
918	11	numeric-out-of-range
215th	11	alphanumeric-oddity
ken	11	short-token
526	11	numeric-out-of-range
807	11	numeric-out-of-range
aye	11	short-token
152	11	numeric-out-of-range
mid-block	11	possible-hyphenated-artefact
tab	11	short-token
715	11	numeric-out-of-range
158	11	numeric-out-of-range
331	11	numeric-out-of-range
518	11	numeric-out-of-range
40s	11	alphanumeric-oddity
bet365	11	alphanumeric-oddity
426	11	numeric-out-of-range
717	11	numeric-out-of-range
902	11	numeric-out-of-range
283	11	numeric-out-of-range
268	11	numeric-out-of-range
327	11	numeric-out-of-range
570	11	numeric-out-of-range
507	11	numeric-out-of-range
161	11	numeric-out-of-range
718	11	numeric-out-of-range
4306	11	numeric-out-of-range
523	11	numeric-out-of-range
750	11	numeric-out-of-range
rib	11	short-token
197	11	numeric-out-of-range
248	11	numeric-out-of-range
804	11	numeric-out-of-range
5104	11	numeric-out-of-range
ups	11	short-token
2520	11	numeric-out-of-range
10429	11	numeric-out-of-range
jd	11	short-token
na	11	short-token
2710	10	numeric-out-of-range
25th	10	alphanumeric-oddity
aft	10	short-token
uti	10	short-token
multi-gas	10	possible-hyphenated-artefact
iii	10	short-token
sos	10	short-token
cue	10	short-token
7am	10	alphanumeric-oddity
ad	10	short-token
ob	10	short-token
ill	10	short-token
535	10	numeric-out-of-range
265	10	numeric-out-of-range
24th	10	alphanumeric-oddity
18th	10	alphanumeric-oddity
cox	10	short-token
ml	10	short-token
850	10	numeric-out-of-range
two-story	10	possible-hyphenated-artefact
154	10	numeric-out-of-range
167	10	numeric-out-of-range
825	10	numeric-out-of-range
de	10	short-token
gov	10	short-token
529	10	numeric-out-of-range
505	10	numeric-out-of-range
gps	10	short-token
rob	10	short-token
284	10	numeric-out-of-range
729	10	numeric-out-of-range
725	10	numeric-out-of-range
2700	10	numeric-out-of-range
30s	10	alphanumeric-oddity
914	10	numeric-out-of-range
pad	10	short-token
non	10	short-token
903	10	numeric-out-of-range
900	10	numeric-out-of-range
atc	10	short-token
9107	10	numeric-out-of-range
800	10	numeric-out-of-range
jl	10	short-token
812	10	numeric-out-of-range
sea	10	short-token
3am	10	alphanumeric-oddity
truck1	10	alphanumeric-oddity
7010	10	numeric-out-of-range
fam	9	short-token
non-emergency	9	possible-hyphenated-artefact
eat	9	short-token
50s	9	alphanumeric-oddity
490	9	numeric-out-of-range
2810	9	numeric-out-of-range
mad	9	short-token
428	9	numeric-out-of-range
916	9	numeric-out-of-range
war	9	short-token
129th	9	alphanumeric-oddity
922	9	numeric-out-of-range
267	9	numeric-out-of-range
las	9	short-token
943	9	numeric-out-of-range
247	9	numeric-out-of-range
dls	9	short-token
828	9	numeric-out-of-range
ton	9	short-token
aaa	9	short-token
731	9	numeric-out-of-range
amy	9	short-token
ca	9	short-token
egg	9	short-token
kim	9	short-token
light-skinned	9	possible-hyphenated-artefact
yo	9	short-token
hop	9	short-token
820	9	numeric-out-of-range
iax	9	short-token
829	9	numeric-out-of-range
845	9	numeric-out-of-range
166	9	numeric-out-of-range
30th	9	alphanumeric-oddity
lca	9	short-token
dmv	9	short-token
719	9	numeric-out-of-range
vs	9	short-token
193	9	numeric-out-of-range
ii	9	short-token
jam	9	short-token
cc	9	short-token
lb	9	short-token
dow	9	short-token
935	9	numeric-out-of-range
932	9	numeric-out-of-range
rig	9	short-token
al	9	short-token
704	9	numeric-out-of-range
art	9	short-token
913	9	numeric-out-of-range
830	9	numeric-out-of-range
616	9	numeric-out-of-range
pet	9	short-token
515	9	numeric-out-of-range
538	9	numeric-out-of-range
716	9	numeric-out-of-range
2550	9	numeric-out-of-range
5601	9	numeric-out-of-range
708	9	numeric-out-of-range
mix	9	short-token
805	9	numeric-out-of-range
777	9	numeric-out-of-range
2570	9	numeric-out-of-range
2507	9	numeric-out-of-range
10107	9	numeric-out-of-range
04107	9	numeric-out-of-range
199	9	numeric-out-of-range
10419	9	numeric-out-of-range
een	9	short-token
923	8	numeric-out-of-range
jay	8	short-token
723	8	numeric-out-of-range
bro	8	short-token
sex	8	short-token
6910	8	numeric-out-of-range
lpg	8	short-token
266	8	numeric-out-of-range
rim	8	short-token
608	8	numeric-out-of-range
8108	8	numeric-out-of-range
9mm	8	alphanumeric-oddity
rid	8	short-token
907	8	numeric-out-of-range
342	8	numeric-out-of-range
817	8	numeric-out-of-range
112th	8	alphanumeric-oddity
2505	8	numeric-out-of-range
823	8	numeric-out-of-range
mil	8	short-token
341	8	numeric-out-of-range
q19	8	alphanumeric-oddity
mba	8	short-token
zip	8	short-token
toe	8	short-token
ski	8	short-token
281	8	numeric-out-of-range
841	8	numeric-out-of-range
pov	8	short-token
2907	8	numeric-out-of-range
ean	8	short-token
785	8	numeric-out-of-range
three-story	8	possible-hyphenated-artefact
705	8	numeric-out-of-range
ci	8	short-token
fyi	8	short-token
60s	8	alphanumeric-oddity
bin	8	short-token
244	8	numeric-out-of-range
670	8	numeric-out-of-range
gci	8	short-token
rca	8	short-token
927	8	numeric-out-of-range
747	8	numeric-out-of-range
866	8	numeric-out-of-range
536	8	numeric-out-of-range
dti	8	short-token
551	8	numeric-out-of-range
bat	8	short-token
19c	8	alphanumeric-oddity
upl	8	short-token
707	8	numeric-out-of-range
4401	8	numeric-out-of-range
909	8	numeric-out-of-range
tsa	8	short-token
22107	8	numeric-out-of-range
20108	8	numeric-out-of-range
9117	8	numeric-out-of-range
10108	8	numeric-out-of-range
eva	7	short-token
23rd	7	alphanumeric-oddity
377	7	numeric-out-of-range
539	7	numeric-out-of-range
726	7	numeric-out-of-range
re-secure	7	possible-hyphenated-artefact
540	7	numeric-out-of-range
861	7	numeric-out-of-range
sim	7	short-token
111th	7	alphanumeric-oddity
571	7	numeric-out-of-range
bb	7	short-token
831	7	numeric-out-of-range
ham	7	short-token
734	7	numeric-out-of-range
epa	7	short-token
666	7	numeric-out-of-range
345	7	numeric-out-of-range
839	7	numeric-out-of-range
647	7	numeric-out-of-range
bs	7	short-token
jet	7	short-token
adt	7	short-token
745	7	numeric-out-of-range
high-speed	7	possible-hyphenated-artefact
925	7	numeric-out-of-range
355	7	numeric-out-of-range
rd	7	short-token
637	7	numeric-out-of-range
uni	7	short-token
814	7	numeric-out-of-range
286	7	numeric-out-of-range
294	7	numeric-out-of-range
366	7	numeric-out-of-range
df	7	short-token
ams	7	short-token
701	7	numeric-out-of-range
dos	7	short-token
hg	7	short-token
692	7	numeric-out-of-range
kit	7	short-token
gm	7	short-token
65th	7	alphanumeric-oddity
hp	7	short-token
728	7	numeric-out-of-range
lfb	7	short-token
2801	7	numeric-out-of-range
543	7	numeric-out-of-range
183	7	numeric-out-of-range
194	7	numeric-out-of-range
724	7	numeric-out-of-range
mar	7	short-token
ct	7	short-token
ex-girlfriend	7	possible-hyphenated-artefact
626	7	numeric-out-of-range
743	7	numeric-out-of-range
356	7	numeric-out-of-range
3126	7	numeric-out-of-range
380	7	numeric-out-of-range
604	7	numeric-out-of-range
339	7	numeric-out-of-range
929	7	numeric-out-of-range
73rd	7	alphanumeric-oddity
353	7	numeric-out-of-range
447	7	numeric-out-of-range
137	7	numeric-out-of-range
634	7	numeric-out-of-range
393	7	numeric-out-of-range
396	7	numeric-out-of-range
5527	7	numeric-out-of-range
938	7	numeric-out-of-range
492	7	numeric-out-of-range
ate	7	short-token
7117	7	numeric-out-of-range
905	7	numeric-out-of-range
mc	7	short-token
org	7	short-token
424	7	numeric-out-of-range
625	7	numeric-out-of-range
4100	7	numeric-out-of-range
amo	7	short-token
engine3	7	alphanumeric-oddity
10410	7	numeric-out-of-range
10421	7	numeric-out-of-range
774	7	numeric-out-of-range
2920	7	numeric-out-of-range
10422	7	numeric-out-of-range
44th	6	alphanumeric-oddity
764	6	numeric-out-of-range
lay	6	short-token
787	6	numeric-out-of-range
3250	6	numeric-out-of-range
819	6	numeric-out-of-range
975	6	numeric-out-of-range
642	6	numeric-out-of-range
dtl	6	short-token
dm	6	short-token
2599	6	numeric-out-of-range
non-appearance	6	possible-hyphenated-artefact
fur	6	short-token
3330	6	numeric-out-of-range
205a	6	alphanumeric-oddity
537	6	numeric-out-of-range
934	6	numeric-out-of-range
ha	6	short-token
712	6	numeric-out-of-range
atl	6	short-token
non-compliant	6	possible-hyphenated-artefact
545	6	numeric-out-of-range
349	6	numeric-out-of-range
514	6	numeric-out-of-range
110th	6	alphanumeric-oddity
375	6	numeric-out-of-range
ox	6	short-token
577	6	numeric-out-of-range
775	6	numeric-out-of-range
390	6	numeric-out-of-range
ut	6	short-token
143060	6	numeric-out-of-range
343	6	numeric-out-of-range
583	6	numeric-out-of-range
toy	6	short-token
tc	6	short-token
2a	6	alphanumeric-oddity
795	6	numeric-out-of-range
364	6	numeric-out-of-range
942	6	numeric-out-of-range
dh	6	short-token
450	6	numeric-out-of-range
811	6	numeric-out-of-range
bmv	6	short-token
axe	6	short-token
376	6	numeric-out-of-range
387	6	numeric-out-of-range
dj	6	short-token
504	6	numeric-out-of-range
2911	6	numeric-out-of-range
576	6	numeric-out-of-range
363	6	numeric-out-of-range
pin	6	short-token
481	6	numeric-out-of-range
933	6	numeric-out-of-range
332	6	numeric-out-of-range
rat	6	short-token
vet	6	short-token
816	6	numeric-out-of-range
3b	6	alphanumeric-oddity
2600	6	numeric-out-of-range
780	6	numeric-out-of-range
445	6	numeric-out-of-range
640	6	numeric-out-of-range
732	6	numeric-out-of-range
re-advise	6	possible-hyphenated-artefact
436	6	numeric-out-of-range
eli	6	short-token
357	6	numeric-out-of-range
448	6	numeric-out-of-range
8am	6	alphanumeric-oddity
446	6	numeric-out-of-range
384	6	numeric-out-of-range
944	6	numeric-out-of-range
117s	6	alphanumeric-oddity
7540	6	numeric-out-of-range
opd	6	short-token
457	6	numeric-out-of-range
773	6	numeric-out-of-range
8140	6	numeric-out-of-range
499	6	numeric-out-of-range
bun	6	short-token
919	6	numeric-out-of-range
652	6	numeric-out-of-range
long-sleeved	6	possible-hyphenated-artefact
582	6	numeric-out-of-range
472	6	numeric-out-of-range
184	6	numeric-out-of-range
lip	6	short-token
801	6	numeric-out-of-range
inc	6	short-token
3900	6	numeric-out-of-range
dan	6	short-token
524	6	numeric-out-of-range
358	6	numeric-out-of-range
2990	6	numeric-out-of-range
10720	6	numeric-out-of-range
6108	6	numeric-out-of-range
2650	6	numeric-out-of-range
engine2	6	alphanumeric-oddity
20375	6	numeric-out-of-range
10417	6	numeric-out-of-range
220107	6	numeric-out-of-range
2919	6	numeric-out-of-range
20104	6	numeric-out-of-range
10414	6	numeric-out-of-range
10418	6	numeric-out-of-range
29104	6	numeric-out-of-range
99th	5	alphanumeric-oddity
www	5	short-token
cal	5	short-token
nah	5	short-token
8200	5	numeric-out-of-range
dam	5	short-token
flu	5	short-token
542	5	numeric-out-of-range
pcs	5	short-token
gap	5	short-token
tl	5	short-token
177th	5	alphanumeric-oddity
90th	5	alphanumeric-oddity
gym	5	short-token
opt	5	short-token
9384	5	numeric-out-of-range
2926	5	numeric-out-of-range
bc	5	short-token
480	5	numeric-out-of-range
cs	5	short-token
3127	5	numeric-out-of-range
led	5	short-token
997	5	numeric-out-of-range
bl	5	short-token
595	5	numeric-out-of-range
un	5	short-token
9667	5	numeric-out-of-range
pci	5	short-token
5117	5	numeric-out-of-range
6133	5	numeric-out-of-range
627	5	numeric-out-of-range
127th	5	alphanumeric-oddity
423	5	numeric-out-of-range
e3	5	alphanumeric-oddity
90s	5	alphanumeric-oddity
ol	5	short-token
ta	5	short-token
nc	5	short-token
cm	5	short-token
9941	5	numeric-out-of-range
383	5	numeric-out-of-range
362	5	numeric-out-of-range
9196	5	numeric-out-of-range
941	5	numeric-out-of-range
699	5	numeric-out-of-range
834	5	numeric-out-of-range
10-16f	5	alphanumeric-oddity
4runner	5	alphanumeric-oddity
4532	5	numeric-out-of-range
496	5	numeric-out-of-range
126th	5	alphanumeric-oddity
437	5	numeric-out-of-range
9720	5	numeric-out-of-range
self-harm	5	possible-hyphenated-artefact
8504	5	numeric-out-of-range
40th	5	alphanumeric-oddity
554	5	numeric-out-of-range
pen	5	short-token
6am	5	alphanumeric-oddity
ops	5	short-token
als	5	short-token
fob	5	short-token
4701	5	numeric-out-of-range
gs	5	short-token
7147	5	numeric-out-of-range
885	5	numeric-out-of-range
442	5	numeric-out-of-range
coe	5	short-token
hit-skipped	5	possible-hyphenated-artefact
783	5	numeric-out-of-range
559	5	numeric-out-of-range
648	5	numeric-out-of-range
cl	5	short-token
644	5	numeric-out-of-range
single-family	5	possible-hyphenated-artefact
592	5	numeric-out-of-range
636	5	numeric-out-of-range
528	5	numeric-out-of-range
db	5	short-token
2712	5	numeric-out-of-range
dig	5	short-token
1a	5	alphanumeric-oddity
6pm	5	alphanumeric-oddity
534	5	numeric-out-of-range
824	5	numeric-out-of-range
ovr	5	short-token
rear-ended	5	possible-hyphenated-artefact
494	5	numeric-out-of-range
348	5	numeric-out-of-range
361	5	numeric-out-of-range
585	5	numeric-out-of-range
4204	5	numeric-out-of-range
mbc	5	short-token
3203	5	numeric-out-of-range
433	5	numeric-out-of-range
fog	5	short-token
385	5	numeric-out-of-range
bq	5	short-token
dss	5	short-token
lel	5	short-token
vr	5	short-token
596	5	numeric-out-of-range
792	5	numeric-out-of-range
427	5	numeric-out-of-range
894	5	numeric-out-of-range
r2	5	alphanumeric-oddity
889	5	numeric-out-of-range
9902	5	numeric-out-of-range
hub	5	short-token
6776	5	numeric-out-of-range
470	5	numeric-out-of-range
874	5	numeric-out-of-range
6407	5	numeric-out-of-range
553	5	numeric-out-of-range
555	5	numeric-out-of-range
nap	5	short-token
3104	5	numeric-out-of-range
842	5	numeric-out-of-range
8190	5	numeric-out-of-range
9854	5	numeric-out-of-range
tue	5	short-token
cbd	5	short-token
557	5	numeric-out-of-range
fri	5	short-token
10a	5	alphanumeric-oddity
twenty-five	5	possible-hyphenated-artefact
382	5	numeric-out-of-range
10s	5	alphanumeric-oddity
2547	5	numeric-out-of-range
939	5	numeric-out-of-range
547	5	numeric-out-of-range
10104	5	numeric-out-of-range
759	5	numeric-out-of-range
3120	5	numeric-out-of-range
771	5	numeric-out-of-range
4107	5	numeric-out-of-range
idm	5	short-token
2517	5	numeric-out-of-range
25117	5	numeric-out-of-range
21104	5	numeric-out-of-range
19117	5	numeric-out-of-range
explore-platinum	5	possible-hyphenated-artefact
2978	5	numeric-out-of-range
lhs	5	short-token
10412	5	numeric-out-of-range
diy	5	short-token
10426	5	numeric-out-of-range
822	4	numeric-out-of-range
749	4	numeric-out-of-range
vac	4	short-token
741	4	numeric-out-of-range
poa	4	short-token
jar	4	short-token
tn	4	short-token
vf	4	short-token
7125	4	numeric-out-of-range
44e	4	alphanumeric-oddity
374	4	numeric-out-of-range
4046	4	numeric-out-of-range
tcw	4	short-token
ass	4	short-token
ah	4	short-token
lap	4	short-token
21107	4	numeric-out-of-range
4227	4	numeric-out-of-range
4233	4	numeric-out-of-range
ira	4	short-token
ovp	4	short-token
5265	4	numeric-out-of-range
835	4	numeric-out-of-range
597	4	numeric-out-of-range
3684	4	numeric-out-of-range
9627	4	numeric-out-of-range
prw	4	short-token
6135	4	numeric-out-of-range
0101	4	numeric-out-of-range
4920	4	numeric-out-of-range
880	4	numeric-out-of-range
lh	4	short-token
3m	4	alphanumeric-oddity
cps	4	short-token
999	4	numeric-out-of-range
vw	4	short-token
113th	4	alphanumeric-oddity
2629	4	numeric-out-of-range
gin	4	short-token
tpl	4	short-token
fra	4	short-token
5193	4	numeric-out-of-range
4999	4	numeric-out-of-range
ltd	4	short-token
6492	4	numeric-out-of-range
4214	4	numeric-out-of-range
9760	4	numeric-out-of-range
nat	4	short-token
6198	4	numeric-out-of-range
rx	4	short-token
639	4	numeric-out-of-range
ksc	4	short-token
580	4	numeric-out-of-range
218th	4	alphanumeric-oddity
160th	4	alphanumeric-oddity
7928	4	numeric-out-of-range
4219	4	numeric-out-of-range
370	4	numeric-out-of-range
ava	4	short-token
685	4	numeric-out-of-range
4216	4	numeric-out-of-range
3030	4	numeric-out-of-range
5920	4	numeric-out-of-range
3519	4	numeric-out-of-range
rub	4	short-token
3200	4	numeric-out-of-range
2826	4	numeric-out-of-range
659	4	numeric-out-of-range
896	4	numeric-out-of-range
855	4	numeric-out-of-range
6016	4	numeric-out-of-range
187	4	numeric-out-of-range
10411	4	numeric-out-of-range
dna	4	short-token
ez	4	short-token
bow	4	short-token
3766	4	numeric-out-of-range
gi	4	short-token
2950	4	numeric-out-of-range
6104	4	numeric-out-of-range
115019	4	numeric-out-of-range
cn	4	short-token
352	4	numeric-out-of-range
rvs	4	short-token
103rd	4	alphanumeric-oddity
pcu	4	short-token
los	4	short-token
395	4	numeric-out-of-range
680	4	numeric-out-of-range
qa	4	short-token
ps	4	short-token
641	4	numeric-out-of-range
5300	4	numeric-out-of-range
672	4	numeric-out-of-range
21b	4	alphanumeric-oddity
5e	4	alphanumeric-oddity
660	4	numeric-out-of-range
7267	4	numeric-out-of-range
836	4	numeric-out-of-range
982	4	numeric-out-of-range
7pm	4	alphanumeric-oddity
rec	4	short-token
lbs	4	short-token
raw	4	short-token
co-worker	4	possible-hyphenated-artefact
623	4	numeric-out-of-range
adl	4	short-token
544	4	numeric-out-of-range
6086	4	numeric-out-of-range
4722	4	numeric-out-of-range
mud	4	short-token
4178	4	numeric-out-of-range
735	4	numeric-out-of-range
590	4	numeric-out-of-range
8777	4	numeric-out-of-range
100th	4	alphanumeric-oddity
746	4	numeric-out-of-range
ati	4	short-token
533	4	numeric-out-of-range
956	4	numeric-out-of-range
9410	4	numeric-out-of-range
sig	4	short-token
2s	4	alphanumeric-oddity
6060	4	numeric-out-of-range
ir	4	short-token
563	4	numeric-out-of-range
6652	4	numeric-out-of-range
465394	4	numeric-out-of-range
579	4	numeric-out-of-range
614	4	numeric-out-of-range
ovc	4	short-token
856	4	numeric-out-of-range
870	4	numeric-out-of-range
80s	4	alphanumeric-oddity
359	4	numeric-out-of-range
516	4	numeric-out-of-range
pnc	4	short-token
55125	4	numeric-out-of-range
pcw	4	short-token
463	4	numeric-out-of-range
sum	4	short-token
pva	4	short-token
ax	4	short-token
b2	4	alphanumeric-oddity
751	4	numeric-out-of-range
9607	4	numeric-out-of-range
2695	4	numeric-out-of-range
3500	4	numeric-out-of-range
5a	4	alphanumeric-oddity
991	4	numeric-out-of-range
833	4	numeric-out-of-range
3108	4	numeric-out-of-range
3886	4	numeric-out-of-range
791	4	numeric-out-of-range
ap	4	short-token
mi	4	short-token
799	4	numeric-out-of-range
857	4	numeric-out-of-range
333	4	numeric-out-of-range
2571	4	numeric-out-of-range
940	4	numeric-out-of-range
753	4	numeric-out-of-range
7111	4	numeric-out-of-range
ar	4	short-token
2903	4	numeric-out-of-range
937	4	numeric-out-of-range
599	4	numeric-out-of-range
pro	4	short-token
3000	4	numeric-out-of-range
owe	4	short-token
es	4	short-token
2850	4	numeric-out-of-range
188	4	numeric-out-of-range
ing	4	short-token
9542	4	numeric-out-of-range
645	4	numeric-out-of-range
2526	4	numeric-out-of-range
893	4	numeric-out-of-range
4340	4	numeric-out-of-range
2612	4	numeric-out-of-range
926	4	numeric-out-of-range
9524	4	numeric-out-of-range
7370	4	numeric-out-of-range
686	4	numeric-out-of-range
tap	4	short-token
963	4	numeric-out-of-range
7604	4	numeric-out-of-range
482	4	numeric-out-of-range
837	4	numeric-out-of-range
mid-30s	4	alphanumeric-oddity
non-compliance	4	possible-hyphenated-artefact
ada	4	short-token
bug	4	short-token
3626	4	numeric-out-of-range
9753	4	numeric-out-of-range
8784	4	numeric-out-of-range
8746	4	numeric-out-of-range
369	4	numeric-out-of-range
4921	4	numeric-out-of-range
rsv	4	short-token
5437	4	numeric-out-of-range
573	4	numeric-out-of-range
hrv	4	short-token
56135	4	numeric-out-of-range
7672	4	numeric-out-of-range
9712	4	numeric-out-of-range
843	4	numeric-out-of-range
4650	4	numeric-out-of-range
6250	4	numeric-out-of-range
ctw	4	short-token
nif	4	short-token
9275	4	numeric-out-of-range
8209	4	numeric-out-of-range
5623	4	numeric-out-of-range
9827	4	numeric-out-of-range
1018645	4	numeric-out-of-range
968	4	numeric-out-of-range
ebt	4	short-token
53120	4	numeric-out-of-range
thu	4	short-token
tpd	4	short-token
mia	4	short-token
120506	4	numeric-out-of-range
mon	4	short-token
983	4	numeric-out-of-range
679	4	numeric-out-of-range
2501	4	numeric-out-of-range
2915	4	numeric-out-of-range
etc	4	short-token
818	4	numeric-out-of-range
479	4	numeric-out-of-range
4120	4	numeric-out-of-range
movie-going	4	possible-hyphenated-artefact
8053	4	numeric-out-of-range
953	4	numeric-out-of-range
587	4	numeric-out-of-range
55150	4	numeric-out-of-range
379	4	numeric-out-of-range
4699	4	numeric-out-of-range
spa	4	short-token
4132	4	numeric-out-of-range
tea	4	short-token
2912	4	numeric-out-of-range
7128	4	numeric-out-of-range
992	4	numeric-out-of-range
9am	4	alphanumeric-oddity
3130	4	numeric-out-of-range
eob	4	short-token
5425	4	numeric-out-of-range
7800	4	numeric-out-of-range
755	4	numeric-out-of-range
378	4	numeric-out-of-range
550	4	numeric-out-of-range
978	4	numeric-out-of-range
64108	4	numeric-out-of-range
10428	4	numeric-out-of-range
28108	4	numeric-out-of-range
4130	4	numeric-out-of-range
784	4	numeric-out-of-range
7150	4	numeric-out-of-range
10778	4	numeric-out-of-range
868	4	numeric-out-of-range
948	4	numeric-out-of-range
765	4	numeric-out-of-range
7713	4	numeric-out-of-range
22010	4	numeric-out-of-range
121108	4	numeric-out-of-range
10-8s	4	alphanumeric-oddity
6719	4	numeric-out-of-range
432	4	numeric-out-of-range
827	4	numeric-out-of-range
10710	4	numeric-out-of-range
cfm	4	short-token
10425	4	numeric-out-of-range
958	4	numeric-out-of-range
755457	4	numeric-out-of-range
4213	4	numeric-out-of-range
212108	4	numeric-out-of-range
4012	3	numeric-out-of-range
31st	3	alphanumeric-oddity
7836	3	numeric-out-of-range
light-colored	3	possible-hyphenated-artefact
6346	3	numeric-out-of-range
2pm	3	alphanumeric-oddity
4936	3	numeric-out-of-range
6062	3	numeric-out-of-range
5816	3	numeric-out-of-range
9365	3	numeric-out-of-range
4044	3	numeric-out-of-range
9402	3	numeric-out-of-range
fbi	3	short-token
5570	3	numeric-out-of-range
bf	3	short-token
560	3	numeric-out-of-range
4474	3	numeric-out-of-range
3745	3	numeric-out-of-range
em	3	short-token
hx	3	short-token
8328	3	numeric-out-of-range
ft	3	short-token
6431	3	numeric-out-of-range
2519	3	numeric-out-of-range
178th	3	alphanumeric-oddity
9215	3	numeric-out-of-range
op	3	short-token
5523	3	numeric-out-of-range
jaw	3	short-token
tar	3	short-token
70th	3	alphanumeric-oddity
vl	3	short-token
bci	3	short-token
7183	3	numeric-out-of-range
eve	3	short-token
7852	3	numeric-out-of-range
4739	3	numeric-out-of-range
mvt	3	short-token
7217	3	numeric-out-of-range
6661	3	numeric-out-of-range
4959	3	numeric-out-of-range
paw	3	short-token
776	3	numeric-out-of-range
co2	3	alphanumeric-oddity
3464	3	numeric-out-of-range
7297	3	numeric-out-of-range
3081	3	numeric-out-of-range
5247	3	numeric-out-of-range
2667	3	numeric-out-of-range
640059	3	numeric-out-of-range
59150	3	numeric-out-of-range
5924	3	numeric-out-of-range
8613	3	numeric-out-of-range
2595	3	numeric-out-of-range
52135	3	numeric-out-of-range
2696	3	numeric-out-of-range
cx	3	short-token
4861	3	numeric-out-of-range
9pm	3	alphanumeric-oddity
apc	3	short-token
170th	3	alphanumeric-oddity
4868	3	numeric-out-of-range
4817	3	numeric-out-of-range
7130	3	numeric-out-of-range
8175	3	numeric-out-of-range
dcw	3	short-token
3440	3	numeric-out-of-range
7450	3	numeric-out-of-range
tam	3	short-token
16s	3	alphanumeric-oddity
9217	3	numeric-out-of-range
7219	3	numeric-out-of-range
9g	3	alphanumeric-oddity
7512	3	numeric-out-of-range
7373	3	numeric-out-of-range
6303	3	numeric-out-of-range
851	3	numeric-out-of-range
9986	3	numeric-out-of-range
8109	3	numeric-out-of-range
671	3	numeric-out-of-range
4060	3	numeric-out-of-range
3346	3	numeric-out-of-range
3443	3	numeric-out-of-range
9409	3	numeric-out-of-range
21e	3	alphanumeric-oddity
2845	3	numeric-out-of-range
f1	3	alphanumeric-oddity
2523	3	numeric-out-of-range
8049	3	numeric-out-of-range
je	3	short-token
q17	3	alphanumeric-oddity
a3	3	alphanumeric-oddity
394	3	numeric-out-of-range
6191	3	numeric-out-of-range
9244	3	numeric-out-of-range
8868	3	numeric-out-of-range
665	3	numeric-out-of-range
9164	3	numeric-out-of-range
dip	3	short-token
2514	3	numeric-out-of-range
mgm	3	short-token
3300	3	numeric-out-of-range
hd5	3	alphanumeric-oddity
5205	3	numeric-out-of-range
ish	3	short-token
jc	3	short-token
392	3	numeric-out-of-range
si	3	short-token
7159	3	numeric-out-of-range
semi-truck	3	possible-hyphenated-artefact
hon	3	short-token
cca	3	short-token
ej	3	short-token
7894	3	numeric-out-of-range
6220	3	numeric-out-of-range
gmo	3	short-token
aim	3	short-token
5383	3	numeric-out-of-range
4778	3	numeric-out-of-range
ma	3	short-token
fet	3	short-token
859	3	numeric-out-of-range
3370	3	numeric-out-of-range
2839	3	numeric-out-of-range
7763	3	numeric-out-of-range
2939	3	numeric-out-of-range
obp	3	short-token
6774	3	numeric-out-of-range
344	3	numeric-out-of-range
6232	3	numeric-out-of-range
451	3	numeric-out-of-range
g12	3	alphanumeric-oddity
7402	3	numeric-out-of-range
ovl	3	short-token
8pm	3	alphanumeric-oddity
386	3	numeric-out-of-range
3690	3	numeric-out-of-range
6217	3	numeric-out-of-range
left-hand	3	possible-hyphenated-artefact
56170	3	numeric-out-of-range
fat	3	short-token
pee	3	short-token
4377	3	numeric-out-of-range
452	3	numeric-out-of-range
57185	3	numeric-out-of-range
55200	3	numeric-out-of-range
4961	3	numeric-out-of-range
7287	3	numeric-out-of-range
677	3	numeric-out-of-range
vtl	3	short-token
3344	3	numeric-out-of-range
p2	3	alphanumeric-oddity
4530	3	numeric-out-of-range
da	3	short-token
338	3	numeric-out-of-range
multi-story	3	possible-hyphenated-artefact
4923	3	numeric-out-of-range
739	3	numeric-out-of-range
ted	3	short-token
912	3	numeric-out-of-range
9556	3	numeric-out-of-range
2922	3	numeric-out-of-range
rip	3	short-token
4222	3	numeric-out-of-range
5672	3	numeric-out-of-range
2725	3	numeric-out-of-range
8197	3	numeric-out-of-range
6581	3	numeric-out-of-range
2733	3	numeric-out-of-range
107th	3	alphanumeric-oddity
ref	3	short-token
337	3	numeric-out-of-range
4718	3	numeric-out-of-range
5169	3	numeric-out-of-range
5524	3	numeric-out-of-range
2930	3	numeric-out-of-range
ga	3	short-token
aed	3	short-token
7661	3	numeric-out-of-range
5710	3	numeric-out-of-range
rg	3	short-token
4144	3	numeric-out-of-range
ivy	3	short-token
sw	3	short-token
766	3	numeric-out-of-range
3109	3	numeric-out-of-range
8710	3	numeric-out-of-range
216th	3	alphanumeric-oddity
4027	3	numeric-out-of-range
rp	3	short-token
9514	3	numeric-out-of-range
4919	3	numeric-out-of-range
det	3	short-token
lv	3	short-token
pdl	3	short-token
3437	3	numeric-out-of-range
5396	3	numeric-out-of-range
reddish-orange	3	possible-hyphenated-artefact
6983	3	numeric-out-of-range
37th	3	alphanumeric-oddity
72nd	3	alphanumeric-oddity
vt	3	short-token
4331	3	numeric-out-of-range
7747	3	numeric-out-of-range
6157	3	numeric-out-of-range
4858	3	numeric-out-of-range
9599	3	numeric-out-of-range
won	3	short-token
770	3	numeric-out-of-range
dlr	3	short-token
6436	3	numeric-out-of-range
2617	3	numeric-out-of-range
8352	3	numeric-out-of-range
7867	3	numeric-out-of-range
114401	3	numeric-out-of-range
8116	3	numeric-out-of-range
8168	3	numeric-out-of-range
brown-brown	3	possible-hyphenated-artefact
2583	3	numeric-out-of-range
vpn	3	short-token
iac	3	short-token
498	3	numeric-out-of-range
fd	3	short-token
491	3	numeric-out-of-range
bm	3	short-token
6170	3	numeric-out-of-range
130th	3	alphanumeric-oddity
334	3	numeric-out-of-range
9789	3	numeric-out-of-range
2851	3	numeric-out-of-range
465	3	numeric-out-of-range
883	3	numeric-out-of-range
4547	3	numeric-out-of-range
964	3	numeric-out-of-range
813	3	numeric-out-of-range
7347	3	numeric-out-of-range
973	3	numeric-out-of-range
7407	3	numeric-out-of-range
5111	3	numeric-out-of-range
4395	3	numeric-out-of-range
7250	3	numeric-out-of-range
6138	3	numeric-out-of-range
984	3	numeric-out-of-range
219th	3	alphanumeric-oddity
o2	3	alphanumeric-oddity
pep	3	short-token
km	3	short-token
6528	3	numeric-out-of-range
ubs	3	short-token
371	3	numeric-out-of-range
pam	3	short-token
mdt	3	short-token
994	3	numeric-out-of-range
6326	3	numeric-out-of-range
3239	3	numeric-out-of-range
7226	3	numeric-out-of-range
9458	3	numeric-out-of-range
4841	3	numeric-out-of-range
9584	3	numeric-out-of-range
8206	3	numeric-out-of-range
lpb	3	short-token
hg5	3	alphanumeric-oddity
7454	3	numeric-out-of-range
4506	3	numeric-out-of-range
5083	3	numeric-out-of-range
8737	3	numeric-out-of-range
4763	3	numeric-out-of-range
4615	3	numeric-out-of-range
4203	3	numeric-out-of-range
70s	3	alphanumeric-oddity
5457	3	numeric-out-of-range
vic	3	short-token
8773	3	numeric-out-of-range
gf	3	short-token
781	3	numeric-out-of-range
7768	3	numeric-out-of-range
9108	3	numeric-out-of-range
right-hand	3	possible-hyphenated-artefact
8403	3	numeric-out-of-range
lift-assist	3	possible-hyphenated-artefact
123rd	3	alphanumeric-oddity
368	3	numeric-out-of-range
7164	3	numeric-out-of-range
61260	3	numeric-out-of-range
3912	3	numeric-out-of-range
988	3	numeric-out-of-range
6193	3	numeric-out-of-range
631	3	numeric-out-of-range
945	3	numeric-out-of-range
9936	3	numeric-out-of-range
8047	3	numeric-out-of-range
438	3	numeric-out-of-range
844	3	numeric-out-of-range
9224	3	numeric-out-of-range
211th	3	alphanumeric-oddity
9487	3	numeric-out-of-range
5471	3	numeric-out-of-range
rc	3	short-token
gua	3	short-token
561	3	numeric-out-of-range
del	3	short-token
460	3	numeric-out-of-range
qc	3	short-token
4307	3	numeric-out-of-range
liz	3	short-token
h2	3	alphanumeric-oddity
ic	3	short-token
mmp	3	short-token
9971	3	numeric-out-of-range
646	3	numeric-out-of-range
8408	3	numeric-out-of-range
28900	3	numeric-out-of-range
9352	3	numeric-out-of-range
multi-dwelling	3	possible-hyphenated-artefact
6287	3	numeric-out-of-range
7235	3	numeric-out-of-range
790	3	numeric-out-of-range
7465	3	numeric-out-of-range
4676	3	numeric-out-of-range
9476	3	numeric-out-of-range
649	3	numeric-out-of-range
9737	3	numeric-out-of-range
5341	3	numeric-out-of-range
8332	3	numeric-out-of-range
tub	3	short-token
kuf	3	short-token
971	3	numeric-out-of-range
863	3	numeric-out-of-range
567	3	numeric-out-of-range
4348	3	numeric-out-of-range
2827	3	numeric-out-of-range
eds	3	short-token
85th	3	alphanumeric-oddity
128th	3	alphanumeric-oddity
3781	3	numeric-out-of-range
ova	3	short-token
966	3	numeric-out-of-range
4160	3	numeric-out-of-range
8514	3	numeric-out-of-range
3065	3	numeric-out-of-range
8383	3	numeric-out-of-range
0238	3	numeric-out-of-range
fac	3	short-token
6513	3	numeric-out-of-range
19342	3	numeric-out-of-range
rep	3	short-token
4642	3	numeric-out-of-range
860131	3	numeric-out-of-range
574	3	numeric-out-of-range
4477	3	numeric-out-of-range
4752	3	numeric-out-of-range
6020	3	numeric-out-of-range
high-rise	3	possible-hyphenated-artefact
5933	3	numeric-out-of-range
8048	3	numeric-out-of-range
td	3	short-token
981	3	numeric-out-of-range
3284	3	numeric-out-of-range
mrs	3	short-token
6b	3	alphanumeric-oddity
rfp	3	short-token
2830	3	numeric-out-of-range
od	3	short-token
8721	3	numeric-out-of-range
8249	3	numeric-out-of-range
758	3	numeric-out-of-range
9357	3	numeric-out-of-range
22nd	3	alphanumeric-oddity
8977	3	numeric-out-of-range
5804	3	numeric-out-of-range
8579	3	numeric-out-of-range
7581	3	numeric-out-of-range
2846	3	numeric-out-of-range
485	3	numeric-out-of-range
7175	3	numeric-out-of-range
8915	3	numeric-out-of-range
2742	3	numeric-out-of-range
ant	3	short-token
8750	3	numeric-out-of-range
4986	3	numeric-out-of-range
6836	3	numeric-out-of-range
3029	3	numeric-out-of-range
2968	3	numeric-out-of-range
6945	3	numeric-out-of-range
102nd	3	alphanumeric-oddity
57158	3	numeric-out-of-range
4755	3	numeric-out-of-range
ucl	3	short-token
83rd	3	alphanumeric-oddity
von	3	short-token
5333	3	numeric-out-of-range
566	3	numeric-out-of-range
960	3	numeric-out-of-range
3037	3	numeric-out-of-range
ali	3	short-token
979	3	numeric-out-of-range
sd	3	short-token
602	3	numeric-out-of-range
7006	3	numeric-out-of-range
5207	3	numeric-out-of-range
9824	3	numeric-out-of-range
4366	3	numeric-out-of-range
4582	3	numeric-out-of-range
black-brown	3	possible-hyphenated-artefact
397	3	numeric-out-of-range
5499	3	numeric-out-of-range
3642	3	numeric-out-of-range
4169	3	numeric-out-of-range
8079	3	numeric-out-of-range
7682	3	numeric-out-of-range
530735968	3	numeric-out-of-range
2953	3	numeric-out-of-range
5409	3	numeric-out-of-range
31479	3	numeric-out-of-range
5723	3	numeric-out-of-range
6811	3	numeric-out-of-range
pry	3	short-token
3470	3	numeric-out-of-range
56180	3	numeric-out-of-range
spy	3	short-token
5015	3	numeric-out-of-range
7710	3	numeric-out-of-range
cover-ups	3	possible-hyphenated-artefact
2917	3	numeric-out-of-range
well-being	3	possible-hyphenated-artefact
lie	3	short-token
7595	3	numeric-out-of-range
4661	3	numeric-out-of-range
han	3	short-token
rs	3	short-token
737	3	numeric-out-of-range
bra	3	short-token
cd	3	short-token
dlb	3	short-token
tnc	3	short-token
5681	3	numeric-out-of-range
2980	3	numeric-out-of-range
3298	3	numeric-out-of-range
dp	3	short-token
8879	3	numeric-out-of-range
9492	3	numeric-out-of-range
4229	3	numeric-out-of-range
848	3	numeric-out-of-range
6972	3	numeric-out-of-range
7063	3	numeric-out-of-range
8244	3	numeric-out-of-range
ip	3	short-token
789	3	numeric-out-of-range
957	3	numeric-out-of-range
4974	3	numeric-out-of-range
5010	3	numeric-out-of-range
5007	3	numeric-out-of-range
461	3	numeric-out-of-range
952	3	numeric-out-of-range
2701	3	numeric-out-of-range
7054	3	numeric-out-of-range
aa	3	short-token
lbt	3	short-token
57170	3	numeric-out-of-range
9665	3	numeric-out-of-range
793	3	numeric-out-of-range
6900	3	numeric-out-of-range
873	3	numeric-out-of-range
jen	3	short-token
521	3	numeric-out-of-range
5619	3	numeric-out-of-range
cot	3	short-token
497	3	numeric-out-of-range
8884	3	numeric-out-of-range
7145	3	numeric-out-of-range
99108	3	numeric-out-of-range
9104	3	numeric-out-of-range
3315	3	numeric-out-of-range
21110	3	numeric-out-of-range
050254	3	numeric-out-of-range
7160	3	numeric-out-of-range
638	3	numeric-out-of-range
9170	3	numeric-out-of-range
9180	3	numeric-out-of-range
9150	3	numeric-out-of-range
782	3	numeric-out-of-range
2999	3	numeric-out-of-range
2746	3	numeric-out-of-range
4104	3	numeric-out-of-range
6107	3	numeric-out-of-range
7240	3	numeric-out-of-range
2620	3	numeric-out-of-range
3302	3	numeric-out-of-range
779	3	numeric-out-of-range
14755athens	3	alphanumeric-oddity
ppo	3	short-token
549	3	numeric-out-of-range
104229	3	numeric-out-of-range
2515	3	numeric-out-of-range
8645	3	numeric-out-of-range
849	3	numeric-out-of-range
10413	3	numeric-out-of-range
254108	3	numeric-out-of-range
10416	3	numeric-out-of-range
dpa	3	short-token
cdi	3	short-token
459	3	numeric-out-of-range
4496	3	numeric-out-of-range
160108	3	numeric-out-of-range
2502	3	numeric-out-of-range
877	3	numeric-out-of-range
car2truck1	3	alphanumeric-oddity
7104	3	numeric-out-of-range
8240	3	numeric-out-of-range
5190	3	numeric-out-of-range
12pm	3	alphanumeric-oddity
71116165	3	numeric-out-of-range
5500	3	numeric-out-of-range
871	3	numeric-out-of-range
52120	3	numeric-out-of-range
389	3	numeric-out-of-range
151431214312	3	numeric-out-of-range
658	3	numeric-out-of-range
2606	3	numeric-out-of-range
351	3	numeric-out-of-range
689	3	numeric-out-of-range
tac	3	short-token
769	3	numeric-out-of-range
676	3	numeric-out-of-range
3511	3	numeric-out-of-range
9940	3	numeric-out-of-range
5028	3	numeric-out-of-range
3027	3	numeric-out-of-range
3135	3	numeric-out-of-range
562	3	numeric-out-of-range
12am	3	alphanumeric-oddity
803	3	numeric-out-of-range
294108	3	numeric-out-of-range
21117	3	numeric-out-of-range
9155	3	numeric-out-of-range
3150	3	numeric-out-of-range
4555	3	numeric-out-of-range
explorer-platinum	3	possible-hyphenated-artefact
2921	3	numeric-out-of-range
2928	3	numeric-out-of-range
5810	3	numeric-out-of-range
3010	3	numeric-out-of-range
2988	3	numeric-out-of-range
4010	3	numeric-out-of-range
4208	3	numeric-out-of-range
635	3	numeric-out-of-range
xl	3	short-token
explore-gold	3	possible-hyphenated-artefact
0811	3	numeric-out-of-range
3229	3	numeric-out-of-range
454	3	numeric-out-of-range
8000	3	numeric-out-of-range
1183911839	3	numeric-out-of-range
7410	3	numeric-out-of-range
7727	3	numeric-out-of-range
3123	3	numeric-out-of-range
7526	3	numeric-out-of-range
ppe	3	short-token
936391	3	numeric-out-of-range
b10	3	alphanumeric-oddity
798	3	numeric-out-of-range
hhr	3	short-token
