word	count
the	49808
to	36012
a	32915
you	28861
and	28746
in	21125
on	21039
i	19855
of	18284
be	18227
copy	17993
is	16622
for	15915
medic	15678
can	14967
1	14216
that	14056
2	13962
i'm	13809
out	12604
10-4	12316
at	11461
3	10959
with	10629
go	10485
it	9153
dispatch	8639
i'll	8569
from	7835
back	7635
was	7609
ahead	7444
just	7353
male	7157
have	6815
no	6753
he	6377
10-8	6302
detroit	6262
car	6202
all	6064
we're	5867
this	5705
we	5567
going	5552
if	5533
there	5531
she	5510
her	5486
female	5479
it's	5431
24	5166
said	5150
29	4807
are	4764
get	4692
old	4665
10	4617
19	4607
me	4442
they	4409
he's	4407
year	4393
engine	4391
service	4389
traffic	4337
15	4292
madison	4245
not	4161
4	4123
up	4123
number	4122
thank	4092
17	3985
we'll	3960
25	3884
here	3855
him	3817
route	3788
set	3769
20	3699
king	3699
call	3666
check	3529
clifton	3529
there's	3527
11	3460
respond	3383
en	3380
now	3369
vehicle	3353
104	3345
please	3340
gonna	3271
truck	3270
she's	3253
station	3248
got	3237
his	3216
okay	3115
an	3062
like	3058
13	3018
5	2991
or	2902
black	2898
lakewood	2879
apartment	2872
22	2861
sorry	2823
valid	2769
that's	2656
9	2632
has	2617
8	2606
do	2553
7	2524
could	2474
john	2458
see	2456
scene	2445
them	2383
front	2371
so	2361
14	2359
one	2322
disregard	2313
they're	2293
right	2282
16	2244
by	2231
but	2186
over	2184
21	2181
will	2146
wants	2142
6	2090
10-7	2033
down	2032
brown	1995
12	1994
west	1942
26	1926
name	1914
door	1878
off	1874
know	1868
cleveland	1837
your	1817
211	1798
as	1785
white	1779
need	1771
henry	1757
fairview	1747
you're	1741
guys	1733
plate	1731
my	1717
area	1698
lake	1678
parking	1677
0	1653
copies	1614
robert	1607
lincoln	1596
some	1585
us	1583
adam	1568
advised	1558
franklin	1537
head	1536
last	1532
park	1527
don't	1525
any	1513
were	1505
yeah	1502
union	1482
phone	1461
clear	1443
been	1439
sam	1426
still	1421
good	1417
about	1410
way	1408
lot	1399
north	1396
want	1388
edward	1380
called	1377
give	1375
companies	1369
what	1366
come	1350
did	1347
victor	1332
coming	1313
complainant	1305
28	1285
should	1279
take	1276
owner	1256
when	1251
had	1240
fire	1237
closer	1233
first	1229
around	1225
george	1207
second	1203
sure	1201
warren	1190
27	1171
thanks	1169
start	1168
other	1167
one's	1162
edgewater	1162
also	1159
alarm	1149
215	1144
tom	1130
117	1123
south	1104
left	1100
yes	1098
time	1096
18	1096
well	1095
house	1093
23	1087
frank	1086
david	1082
stop	1082
205	1073
our	1065
address	1054
looks	1051
117th	1048
checking	1045
their	1031
229	1023
side	1018
trying	993
into	982
building	978
cars	976
blue	964
street	962
report	956
city	955
try	947
attention	940
room	937
make	930
2's	913
parked	903
send	902
having	897
think	892
run	891
let	889
203	889
didn't	875
show	875
3's	872
another	860
1's	854
unit	851
70	849
bunts	846
anything	842
able	830
checked	830
212	828
date	824
spoke	818
cove	817
dl	815
id	813
break	805
then	803
birth	803
east	799
where	795
add	791
road	783
list	775
medical	773
220	772
find	762
both	755
says	748
219	739
speak	739
driver	738
more	738
through	733
two	732
transporting	728
heights	717
paul	716
202	707
added	706
company	700
217	691
charlie	691
hilliard	691
gray	688
outside	682
put	682
open	678
kufner	677
wearing	675
someone	673
assist	671
again	670
who	666
x-ray	665
contact	662
30	661
mary	648
complaint	647
fine	644
listing	639
hit	635
responding	625
calling	622
caller	620
would	618
does	616
charles	616
red	610
squad	601
queen	595
those	591
close	590
boy	588
222	586
chevy	585
can't	584
what's	580
showing	580
213	580
home	577
02	577
william	576
property	575
couple	571
resident	571
new	571
code	569
nora	569
minutes	562
o	560
getting	555
driveway	555
209	554
walking	553
patient	552
ocean	550
108	548
comes	547
mileage	545
sir	545
leave	544
saying	541
224	540
meet	537
doesn't	536
young	536
riverside	536
only	535
found	534
detail	534
ida	532
location	531
floor	527
shows	526
expired	525
expires	525
confirm	525
zebra	525
advise	524
notes	520
came	519
correct	519
people	517
mva	516
90	512
ford	512
72	511
place	510
stand	509
fell	509
little	506
heading	505
say	504
jail	503
mail	502
sounds	502
work	501
pickup	500
inside	497
eastbound	497
214	495
same	494
might	494
too	493
went	493
light	493
police	492
license	492
silver	485
221	485
toyota	485
50	483
mckinley	482
westbound	479
because	478
actually	478
behind	478
believe	476
party	474
suspended	474
honda	472
possibly	472
yesterday	472
separate	470
may	469
216	468
transport	465
standing	465
breathing	464
drive	460
03	459
line	458
card	457
hear	456
westerly	456
lunch	454
hour	454
stall	454
marlowe	454
alright	453
nothing	452
minute	451
department	448
probably	444
sent	444
ground	444
vehicles	441
dog	440
center	439
arrival	435
mike	434
officer	433
driving	429
night	428
hold	421
being	420
wanna	419
hospital	418
radio	417
between	417
nicholson	417
working	415
lane	411
follow-up	406
next	404
issues	404
warrant	402
something	402
i've	401
waiting	401
looking	400
athens	397
before	396
gas	395
very	394
218	393
nick	392
days	392
everything	391
information	390
how	389
turn	389
today	387
belle	386
river	383
unable	383
description	381
berea	381
lives	380
parties	380
answer	379
heard	374
already	374
permit	374
somebody	373
county	372
taking	370
arriving	369
returning	368
tell	368
keep	367
under	367
checks	366
shirt	364
bye	364
apartments	363
hi	362
return	358
208	358
green	358
near	357
further	357
calls	357
saw	356
talking	355
court	354
few	354
done	352
deal	352
help	352
upstairs	352
move	352
running	351
while	348
newman	348
needs	347
stay	345
tracks	344
tonight	344
investigating	343
207	343
downstairs	342
else	341
pick	340
after	339
01	338
these	336
225	336
negative	335
transfer	335
message	334
2026	334
05	333
look	333
info	332
talk	332
blocking	332
pain	331
kufner's	330
corner	325
ready	323
end	323
plates	323
cut	322
tree	321
kind	320
years	320
kia	319
we've	319
water	319
order	318
beach	316
use	315
waterbury	315
walgreens	315
lakeland	313
ago	312
locked	309
000	309
204	309
04	309
bit	308
person	307
manor	307
woodward	306
doing	305
issue	304
starting	304
06	304
drug	304
73	304
loud	303
40	302
gave	302
across	300
office	299
day	296
color	295
lpd	295
lewis	294
delaware	293
lobby	292
moved	290
hello	290
store	289
southbound	288
took	285
thinks	285
suv	284
foot	282
damage	281
emergency	281
08	280
anyone	279
smoke	279
officers	278
yelling	277
maybe	277
ohio	277
males	276
nissan	275
towers	273
file	273
jeep	269
226	269
er	268
which	268
myself	268
middle	268
handle	267
welfare	266
hill	266
high	265
arthur	265
tried	264
neighbor	264
requesting	263
dark	263
wagon	262
registered	262
morning	262
oh	261
tow	260
units	259
210	257
09	256
times	255
mom	255
failure	255
far	255
roger	255
edwards	255
third	254
listening	253
key	253
available	253
appear	251
avenue	250
10-16	247
believes	247
sitting	246
hall	246
who's	245
ridgewood	245
michael	244
school	244
entry	243
keys	243
wait	243
hey	243
wanted	242
son	242
clearance	242
st	242
201	242
yet	241
towards	241
pulled	241
numbers	241
told	240
change	240
pull	239
pulling	239
since	239
york	239
northbound	238
alameda	238
family	237
60	236
manager	236
quick	236
bridge	235
started	235
turning	234
music	234
garage	232
couldn't	232
driver's	232
coutant	230
32	229
moment	229
command	229
health	229
away	228
part	228
31	227
earlier	226
either	226
anybody	225
repeat	225
point	225
ran	224
affirmative	223
hopkins	223
care	223
employee	223
group	223
screaming	222
residence	222
speaking	221
man	220
camera	219
note	219
stopped	219
bus	219
large	219
17th	218
07	217
public	216
cited	216
standby	216
bike	214
turned	213
window	213
power	213
cad	212
hyundai	212
tower	211
let's	211
wrong	211
miles	211
made	210
mark	210
guess	210
'20	210
violation	209
arguing	209
14312	209
bring	209
three	208
van	208
walk	208
state	207
assistance	206
continue	206
history	206
280	205
refusing	204
105	204
thing	204
guy	203
cover	203
hours	203
listed	203
moving	203
possible	202
really	202
secure	201
80	201
seen	201
206	200
228	200
14306	200
friend	199
lift	199
medicine	199
cross	199
two's	199
4-door	198
sidewalk	198
bank	198
feeling	197
winchester	197
wasn't	196
quiet	196
270	196
pants	195
daughter	195
lights	195
caution	195
great	194
refused	194
involved	193
until	193
mars	193
robin	192
juvenile	192
argument	191
bar	191
past	191
real	191
ending	191
due	190
live	190
obt	190
jacket	189
2020	189
sloan	189
am	188
almost	188
ride	188
64	188
35	188
backyard	188
b	188
verbal	187
kids	187
rocky	187
webb	186
detector	185
released	185
drugs	184
headed	184
victoria	184
covered	183
10-5	183
metro	182
walter	182
closed	182
vin	182
arrest	181
wire	181
cleared	181
36	181
hair	181
stolen	180
never	180
male's	180
thought	180
227	178
track	178
mcdonald's	178
rear	178
listen	177
asking	176
asked	176
chest	176
33	176
ds	176
prior	175
34	175
half	175
cancel	174
shortly	174
passenger	174
107	174
each	173
elevator	173
cook	173
hurd	173
multiple	172
seeing	172
injuries	172
release	171
wyandotte	171
general	171
pretty	171
top	171
hoodie	171
westlake	171
ask	170
train	170
case	169
conscious	169
lakeshore	168
dodge	168
active	168
sedan	168
following	168
stuck	167
missing	166
c	165
james	165
carabel	165
accident	164
clarence	164
motion	164
counter	164
block	163
customer	163
74	162
elderly	162
locate	162
10-9	161
alger	161
zone	160
intoxicated	160
doors	160
hasn't	159
speed	159
slow	159
passed	159
dci	159
24-hour	159
mother	158
why	158
follow	158
appears	158
haven	158
1341	158
long	158
westwood	158
marginal	157
northland	157
mr	157
leaving	157
12400	157
everyone	156
haven't	156
making	156
they'll	156
shut	156
39	155
disabled	155
inn	155
currently	154
match	154
ennis	154
subaru	154
carlisle	154
cvs	154
clearing	153
child	153
though	153
air	152
cordova	152
o'neill	152
females	152
boyd	152
central	152
14300	152
sign	151
ed	151
residents	151
t	151
lost	150
37	150
giving	150
construction	150
business	150
10-3	150
2012	150
fedor	150
cell	149
direct	148
supposed	147
things	147
williams	147
himself	147
bell	147
travel	146
mental	146
problem	145
team	145
trespass	145
blood	145
exit	145
against	145
saint	145
passing	144
florida	144
00	144
longer	144
41	144
view	144
gmc	144
ems	143
money	143
received	143
cautions	143
much	143
odor	143
type	143
shorts	143
boyfriend	142
status	142
55	142
post	142
walked	142
difficulty	142
reset	142
62	142
dollar	141
complainant's	141
talked	141
2019	141
alert	141
response	141
hat	140
complaining	140
gone	140
beale	139
2015	139
43	139
elmwood	139
somewhere	139
happened	139
direction	139
2010	139
spot	138
special	138
he'll	138
grab	138
nobody	138
100	138
andrews	138
than	138
bleeding	138
2-car	137
violent	137
273	137
charges	137
38	137
s	137
summit	136
visible	136
49	136
2025	136
seems	136
gun	136
jackson	136
confirmed	136
hang	136
switching	136
200	135
switch	135
42	135
pd	135
question	135
sending	135
boulevard	134
goa	134
short	134
hard	134
private	134
free	133
2017	133
stated	133
female's	133
herself	132
broke	132
45	132
reason	132
main	132
12506	131
keeps	131
dropped	131
ambulance	131
security	131
pole	131
comfort	131
'19	131
car's	130
basement	130
possession	129
223	129
partner	129
notify	129
tag	129
answering	129
playing	129
perfect	128
original	128
13900	128
46	128
911	128
parma	127
noise	127
59	127
they've	127
entrance	127
check-in	127
trouble	126
wagar	126
late	126
soon	126
knocking	126
maintenance	126
district	125
volkswagen	125
food	125
hazel	125
lauderdale	125
65	124
aware	124
closing	124
felony	124
parkway	124
accidental	124
k	124
it'll	123
options	123
grace	123
wires	123
southwest	123
3rd	122
2024	122
older	122
garden	122
rest	122
250	122
d	122
51	122
week	121
77	121
correction	121
medics	121
rush	121
different	121
michigan	121
concerned	121
juveniles	121
spelling	121
chesterland	121
items	120
eyes	120
additional	120
2018	120
test	119
double	119
box	119
common	119
disturbance	119
ramp	119
unknown	118
full	118
taken	118
chance	118
qualified	118
search	118
sighted	118
2016	118
expiring	118
jeans	117
drop	117
2011	117
virginia	117
smith	117
buick	117
suspect	116
2014	116
bag	116
flight	116
print	116
once	116
75	115
animal	115
problems	115
pool	115
2-8	115
61	115
ma'am	115
47	114
refusal	114
heart	114
44	114
desk	114
small	114
stuff	113
282	113
row	113
equipment	113
valley	113
needed	113
blonde	112
54	112
2013	112
forward	112
52	112
face	112
that'll	111
access	111
mart	111
hanging	111
coast	111
hand	111
social	111
weapons	110
brockley	110
jailer	110
liquid	110
71	110
transported	110
stopping	110
using	110
sleeping	110
houston	110
thomas	110
stage	109
ok	109
10-2	109
118	109
charge	109
states	109
elbur	109
control	108
garfield	108
carbon	108
within	108
cat	108
i'd	108
attached	108
serial	108
spring	108
atkins	108
neighbors	108
bunch	108
reserve	108
primary	107
mean	107
56	107
grove	107
looked	106
welcome	106
utl	106
warrants	106
member	106
anthony	106
roadway	106
l	106
orchard	106
update	106
towed	106
trailer	105
richland	105
48	105
11839	105
straight	105
hazard	105
company's	105
57	104
marine	104
adams	104
pursuit	104
system	104
alpha	104
consumer	104
nice	103
assault	103
vehicle's	103
tendencies	103
library	103
arrived	103
69	103
2023	103
53	102
threatening	102
com	102
attempt	102
berkshire	102
11820	102
125	102
goes	102
broken	102
remain	102
aid	102
she'll	101
throwing	101
without	101
mazda	101
bed	101
play	101
intersection	101
won't	101
bond	101
video	100
signs	100
complaints	100
even	100
name's	100
injured	100
mutual	100
uh	99
leg	99
dangerous	99
donald	99
unsure	99
several	99
mister	99
10-6	98
chrysler	98
jr	98
radar	98
notified	98
its	98
pennsylvania	98
daniel	98
credit	97
january	97
sound	97
local	97
dealer	97
orange	97
causing	97
82	96
snow	96
later	96
detained	96
church	96
anywhere	95
board	95
1346	95
employees	95
apparently	95
figure	95
pc	95
showed	95
67	95
armed	94
co	94
o'clock	94
signal	94
x	94
porch	94
kid	94
burger	93
yard	93
76	93
9-1-1	93
pepper	93
four	93
elber	93
sister	93
r	93
staff	92
johnson	92
enter	92
chase	92
gold	92
town	92
criminal	92
you've	91
premise	91
paraphernalia	91
pass	91
holder	91
fireworks	91
echo	91
holding	90
1381	90
66	90
riding	90
hung	90
ccw	90
lutheran	90
located	90
63	90
highway	90
least	90
plus	90
2027	90
58	89
evaluated	89
parents	89
79	89
assisted	89
windows	89
children	89
bathroom	89
'2	89
incident	88
notice	88
along	88
fighting	88
severe	88
2006	88
living	88
temporary	88
protection	88
matthews	88
eagle	88
tire	88
sergeant	88
richard	87
read	87
weeks	87
cranford	87
davis	87
low	87
wash	87
partially	87
305	87
85	87
12900	87
initial	87
french	87
upset	87
99	87
2008	87
month	86
rosewood	86
meter	86
harm	86
granger	86
better	86
pay	86
own	86
78	86
heavy	86
staying	85
lockout	85
march	85
game	85
wife	85
feet	85
custody	84
visit	84
gets	84
colored	84
93	84
enough	84
eta	84
mercedes	84
coat	84
ongoing	83
apply	83
accessible	83
m	83
details	83
connect	83
guard	83
investigate	83
channel	82
hurt	82
launch	82
picture	82
here's	82
sec	82
eye	82
complete	82
sort	82
tight	82
you'll	82
fair	81
87	81
gentleman	81
georgia	81
cameras	81
103	81
brother	81
ahold	81
gladys	81
2022	81
husband	81
westcom	81
happy	80
story	80
tomorrow	80
safe	80
everybody	80
used	80
hallway	80
bmw	80
advice	80
mind	80
bay	80
chief	79
transferring	79
13315	79
normal	79
voicemail	79
301	79
owner's	79
laying	79
matching	79
friends	79
western	79
many	78
whole	78
minor	78
texas	78
watch	78
jersey	78
text	78
must	78
arrested	78
months	78
shoes	78
quail	77
1277	77
120	77
crossing	77
theft	77
watching	77
2002	77
panic	77
knocked	77
robinwood	77
2021	77
f	77
14701	77
upon	76
314	76
shift	76
e	76
bad	76
329	76
rta	76
voice	76
reporting	76
gained	76
attack	76
suicidal	76
brake	76
anymore	76
lfd	76
save	76
isn't	75
manpower	75
12511	75
v	75
flagged	75
81	75
illinois	75
named	75
club	75
community	75
w	74
ever	74
amount	74
model	74
occupied	74
29th	74
adult	74
removed	74
completely	74
shop	74
involvement	74
116	74
2007	74
staging	74
everything's	74
68	74
winton	74
fry	74
joseph	74
agree	74
envoy	74
god	73
dad	73
rock	73
pains	73
ticket	73
excuse	73
miss	73
taylor	73
occupants	73
stroke	73
i-90	72
ones	72
email	72
streets	72
management	72
2nd	72
clinic	72
g	72
girlfriend	72
enforcement	72
giant	72
previous	71
data	71
smell	71
roll	71
branch	71
grey	71
big	71
site	71
drove	71
dogs	71
caught	71
worried	71
indiana	71
california	71
seat	71
pink	71
works	70
regarding	70
jones	70
love	70
drone	70
telling	70
button	70
stole	70
cartoon	70
sounded	70
wind	70
returned	70
hundred	70
2004	70
abuse	70
taco	70
homeowner	70
speeds	70
junior	69
rate	69
clothing	69
exterior	69
h	69
onto	69
agent	69
class	69
wisconsin	69
verify	69
trespassed	69
knows	68
sides	68
83	68
most	68
struck	68
14401	68
camry	68
father	68
119	68
101	68
issued	68
village	68
yellow	68
brian	68
19th	68
cart	68
early	68
extension	67
setting	67
parkwood	67
matter	67
lock	67
reach	67
300	67
1600	67
2009	67
morrison	67
shore	67
matthew	67
303	67
92	67
understand	66
someone's	66
captain	66
2005	66
2000	66
every	66
affirm	66
crew	66
piece	66
500	66
proper	66
june	66
houses	66
prisoner	66
above	65
wood	65
peter	65
catch	65
barking	65
j	65
client	65
euclid	65
edge	65
step	65
clover	65
cliff	65
p	65
11850	65
arlington	65
paperwork	64
base	64
suspicious	64
highly	64
recently	64
whenever	64
llc	64
owners	64
cap	64
delivery	64
pressure	64
customers	64
111	64
lark	64
arm	64
beginning	64
december	64
119th	64
offense	64
scott	64
federal	64
definitely	64
offer	64
seventeenth	64
'1	64
shot	63
insurance	63
temp	63
confused	63
fast	63
20-8	63
mobile	63
94	63
evening	63
wall	63
shoulder	63
fence	63
attempted	62
clean	62
seizure	62
sounding	62
blocked	62
firearm	62
transferred	62
mac	62
11701	62
trucks	62
physical	62
88	62
strong	62
halsted	62
secured	62
merl	62
civic	61
backpack	61
responded	61
none	61
1450	61
knock	61
caller's	61
albert	61
damaged	61
five	61
kill	61
auto	61
carolina	61
shelter	61
confiscate	61
13330	61
511	61
entered	61
quite	60
97	60
cable	60
106	60
unless	60
course	60
escape	60
together	60
hitting	60
level	60
signature	60
registration	60
cohassett	60
carrying	59
searching	59
1st	59
ram	59
9-3	59
fusion	59
moderate	59
patrol	59
meeting	59
trade	59
plea	59
members	59
world	59
busy	59
names	59
glass	59
2117	59
116th	58
fight	58
individual	58
sean	58
copied	58
nurse	58
banging	58
tan	58
raise	58
flock	58
86	58
124	58
dispatching	58
delay	58
gain	58
terminated	58
feels	58
wells	58
harassing	58
callback	58
'26	58
approaching	57
brooklyn	57
oscar	57
best	57
lee	57
regards	57
suite	57
injury	57
remember	57
kevin	57
civil	57
american	57
november	57
corolla	57
motorcycle	57
'29	57
dead	56
10-16s	56
current	56
breath	56
320	56
hearing	56
11849	56
ramona	56
10-16c	56
102	56
christopher	56
703	56
84	56
ryan	56
birthday	56
listings	56
drink	55
143	55
breaking	55
audi	55
crime	55
cash	55
hands	55
landlord	55
kenilworth	55
2003	55
request	55
114	55
victim	55
150	55
courtesy	55
321	55
yourself	55
u	55
uber	55
treatment	55
brought	55
hispanic	55
giel	55
98	55
updated	55
homeless	55
highland	55
10-19	55
gotta	54
acting	54
5th	54
entering	54
lorraine	54
plate's	54
larchmont	54
assuming	54
medicare	54
meridian	54
star	54
140	54
neighborhood	54
89	54
permanent	54
exactly	54
allowed	54
maroon	54
container	54
rapid	54
mile	54
screen	54
319	54
playground	54
obstructing	54
cutting	54
domestic	53
stating	53
resisting	53
questions	53
job	53
272	53
check's	53
february	53
threatened	53
307	53
climb	53
96	53
2001	53
background	53
cadillac	53
cch	53
via	53
waterford	53
alarms	53
1016	53
mcgee	53
subject	52
natural	52
restaurant	52
cab	52
supposedly	52
lieutenant	52
ice	52
1570	52
photo	52
witness	52
trespassing	52
safety	52
verified	52
washington	52
picked	52
however	52
cei	52
fall	52
noticed	52
refuse	52
bicycle	52
'6	52
pushed	51
10-0	51
denied	51
remove	51
309	51
feel	51
intox	51
serve	51
113	51
olmstead	51
clark	51
wouldn't	51
citation	51
field	51
roberts	51
summer	51
emily	51
6th	51
shell	51
denver	51
1040	51
12019	50
assaulted	50
malibu	50
coffee	50
nicholas	50
claiming	50
port	50
flat	50
false	50
wheelchair	50
book	50
mom's	50
andrew	50
12700	50
smoking	50
woodhouse	50
260	50
mercury	50
26th	50
leonard	50
unoccupied	50
299	50
patrick	50
129	50
sale	50
single	50
10-1	50
95	50
123	50
expiration	50
kinda	50
fargo	50
extra	49
personal	49
4th	49
harry	49
sarah	49
jump	49
everyone's	49
he'd	49
halstead	49
230	49
aldi	49
known	49
she'd	49
bp	49
reinstate	49
riverway	49
lines	49
starbucks	49
parks	49
stock	49
per	48
july	48
7-8	48
tracking	48
glenbury	48
emerson	48
seconds	48
tank	48
cohasset	48
flash	48
thoreau	48
always	48
record	48
tennessee	48
suicide	48
obtained	48
knife	47
body	47
claims	47
life	47
healthcare	47
subway	47
allen	47
401	47
garbage	47
separated	47
fresh	47
barrier	47
swing	47
lakehouse	47
continuing	47
t-shirt	47
cafe	47
canceled	47
macy's	47
burning	46
agency	46
122	46
91	46
neighbor's	46
warning	46
chester	46
160	46
acura	46
mag	46
chair	46
trapped	46
sit	46
vomiting	46
conduct	46
whatever	46
jordan	46
debris	46
arizona	46
afraid	46
express	46
lanes	46
513	46
142	46
violations	46
11th	45
motorist	45
vacant	45
oic	45
cpd	45
cause	45
sweatshirt	45
gate	45
nothing's	45
306	45
crying	45
super	45
missed	45
approximately	45
hunter	45
unlocked	45
mitsubishi	45
15th	45
bringing	45
trigger	45
plan	45
enbridge	45
crestmont	45
olive	45
threw	45
drinking	45
occupant	45
residential	44
item	44
lodge	44
bonnevue	44
accord	44
233	44
ama	44
cleaning	44
zero	44
suspension	44
bill	44
disconnected	44
cleveland's	44
170	44
officer's	44
grade	44
261	44
individuals	44
threats	44
dash	44
tone	44
commit	44
hd	44
12500	44
square	44
hot	44
scanner	44
disconnect	44
hydrant	44
directly	44
commercial	44
parts	44
924	43
tony	43
six	43
harlan	43
nobody's	43
future	43
12-4	43
kitchen	43
given	43
regular	43
130	43
title	43
terms	43
skip	43
16th	43
urgent	43
coughing	43
picking	43
lexus	43
storm	43
jack	43
lawn	43
language	43
dv	42
aren't	42
motor	42
5'9	42
ix	42
217th	42
miller	42
gotten	42
1430	42
dizzy	42
unresponsive	42
tyler	42
fun	42
services	42
shoot	42
fisher	42
fallen	42
online	42
norah	42
ranger	42
huntington	42
115	42
n	42
sees	42
baseball	42
tickets	42
12650	42
251	42
probation	42
workers	42
changed	42
woodford	42
710	42
curb	42
110	42
speedway	42
brandon	42
leak	42
overpass	42
msrp	42
wascana	42
'9	42
violence	41
ex	41
word	41
obi	41
expire	41
usually	41
idea	41
disorderly	41
127	41
cannot	41
abdominal	41
311	41
leaking	41
finding	41
moore	41
landline	41
roof	41
hook	41
throw	41
railroad	41
steven	41
manner	41
training	41
battery	41
crv	41
rolling	41
detective	41
total	41
11855	41
'8	41
circle	40
277	40
629	40
delta	40
advising	40
1481	40
underneath	40
tv	40
opposite	40
choose	40
genius	40
readings	40
stairs	40
fix	40
die	40
dealt	40
sugar	40
tenant	40
clip	40
135	40
frye	40
5'10	40
falling	40
responds	40
troy	40
section	40
girl	40
protected	40
based	40
620	40
attempting	40
5-0	40
silverado	40
sick	40
engines	40
booking	40
drives	40
yep	40
roycroft	40
letting	39
easy	39
apologize	39
190	39
appreciate	39
pizza	39
marshall	39
laser	39
264	39
justin	39
175	39
trash	39
wilson	39
1425	39
jason	39
united	39
niagara	39
5'8	39
value	39
instead	39
marijuana	39
claire	39
jessica	39
finally	39
1415	39
newer	39
meal	38
y'all	38
press	38
180	38
beard	38
finished	38
1345	38
nelson	38
weren't	38
fires	38
302	38
fee	38
laundry	38
1480	38
trees	38
5'6	38
grand	38
cherokee	38
frame	38
beer	38
support	38
altercation	38
alexander	38
flying	38
410	38
stomach	38
loose	38
handling	38
airbnb	38
jean	38
pavilion	38
photos	38
marks	38
1635	38
bless	38
feeder	38
14532	38
buzz	37
290	37
alone	37
electric	37
147	37
maple	37
rio	37
med	37
cheese	37
eldred	37
nature	37
approach	37
317	37
touch	37
patio	37
returns	37
computer	37
paid	37
deceased	37
idlewood	37
ian	37
trail	37
burglar	37
complain	37
elementary	37
heads	37
wesley	37
ina	37
112	37
where's	37
difficult	37
placed	37
father's	37
263	37
related	37
twice	37
bench	37
harris	37
trust	37
bakery	37
english	37
trip	37
hazelwood	37
glenberry	37
generator	37
2200	37
6'1	36
situation	36
chasing	36
148	36
boss	36
buildings	36
paying	36
1510	36
points	36
neck	36
109	36
alcohol	36
pump	36
arrive	36
september	36
262	36
hatchback	36
action	36
shaw	36
dowd	36
foster	36
lease	36
roosevelt	36
arcing	36
traffic's	36
assisting	36
429	36
kentucky	36
2050	36
146	36
april	36
hathaway	36
thousand	36
'5	36
during	35
trevor	35
breathe	35
hope	35
perimeter	35
kathy	35
torres	35
hotel	35
bottle	35
ridge	35
october	35
shortness	35
2-0	35
agreed	35
kirtland	35
ave	35
bedroom	35
ovi	35
colorado	35
retrieve	35
luck	35
1375	35
12000	35
afternoon	35
herd	35
christian	35
exchange	35
process	35
avon	35
posted	35
akron	35
tesla	35
matches	35
adding	35
basketball	35
marie	35
126	35
omaha	35
510	35
12943	35
purple	35
sierra	35
sweatpants	35
151	34
position	34
hills	34
olivewood	34
kyle	34
patient's	34
distress	34
results	34
2216	34
followed	34
register	34
carry	34
michelle	34
1500	34
mitchell	34
national	34
answered	34
enjoy	34
172	34
letter	34
briefly	34
telephone	34
deployed	34
rental	34
bravo	34
provide	34
equinox	34
1010	34
prado	34
northwest	34
drivers	34
ethel	34
energy	34
bags	34
lady	34
install	34
1520	34
executive	34
that'd	34
1365	34
raccoon	34
'17	34
hy	34
vee	34
collar	33
focus	33
aaron	33
shown	33
10-12	33
sense	33
fill	33
sunday	33
10-10	33
fuel	33
249	33
chart	33
wheel	33
daughter's	33
likely	33
lots	33
joe	33
somebody's	33
recent	33
conditions	33
crisis	33
sirens	33
wayne	33
5-4	33
flag	33
travelodge	33
235	33
friday	33
1527	33
requested	33
confiscated	33
dropping	33
parkside	33
1621	33
deck	33
steps	33
hayes	33
131	33
173	33
2104	33
younger	33
jumped	33
legs	33
martin	33
fifth	33
navy	33
properly	33
maria	33
anyone's	32
trunk	32
log	32
13th	32
239	32
uto	32
310	32
sun	32
northwood	32
austin	32
investigation	32
partner's	32
618	32
ashley	32
9-9	32
market	32
testing	32
worker	32
app	32
611	32
520	32
lounge	32
age	32
northeast	32
7th	32
cole	32
review	32
exact	32
round	32
covering	32
passcode	32
falls	32
519	32
colonial	32
rise	32
changing	32
communication	32
panel	32
1446	32
dispatcher	32
ai	32
weak	32
harborview	32
tech	32
weapon	32
monica	32
signing	32
mountain	32
1615	32
influence	32
'22	32
westcliff	31
trafficking	31
putting	31
28th	31
doctor	31
5-3	31
whoever	31
warden	31
diabetic	31
concern	31
suffers	31
dob	31
dus	31
choosing	31
236	31
lists	31
cbs	31
messages	31
receiving	31
9-8	31
unconscious	31
506	31
shaker	31
metal	31
232	31
archdale	31
swollen	31
less	31
425	31
nose	31
baby	31
account	31
pictures	31
1370	31
tpo	31
cooking	31
backed	31
four-door	31
investigator	31
sonata	31
exchanged	31
happen	31
ventilated	31
ray	31
malfunctioning	31
mask	31
contempt	31
wallet	31
1342	31
southeast	31
18915	31
17107	31
visitors	31
1470	30
guy's	30
blvd	30
cit	30
ht	30
event	30
nor	30
selling	30
walker	30
jeffrey	30
table	30
familiar	30
freezing	30
award-winning	30
spelled	30
scooter	30
link	30
lifting	30
storage	30
surrounding	30
145	30
texting	30
prosecution	30
desire	30
met	30
strongsville	30
san	30
nearby	30
bald	30
kirk	30
o'neil	30
rockway	30
john's	30
attorney	30
structure	30
medication	30
contacted	30
august	30
tied	30
414	30
taurus	30
pills	30
ward	30
momentarily	30
altima	30
trenton	30
accidentally	30
radius	30
carter	30
bedford	30
discharge	30
papa	30
231	30
cliffs	30
ring	30
1624	30
machine	30
force	30
hazards	30
glasses	30
cop	30
olmsted	30
2033	30
1292	30
234	30
interior	30
308	30
banner	30
graber	30
oxygen	30
blackbird	30
party's	30
1423	30
transmission	30
'4	30
10-15	29
law	29
reported	29
traverse	29
others	29
belongings	29
165	29
enterprise	29
cancer	29
delayed	29
complaintant	29
attempts	29
copying	29
tall	29
president	29
slash	29
forest	29
source	29
stone	29
halfway	29
ball	29
9-4	29
pinging	29
wanting	29
1441	29
eric	29
gunshots	29
reports	29
they'd	29
potential	29
burglary	29
cooperative	29
ro	29
spread	29
hurting	29
notification	29
pounds	29
chicken	29
finish	29
wish	29
obviously	29
missouri	29
receive	29
professional	29
1374	29
q	29
128	29
push	29
you'd	29
seemed	29
entire	29
1447	29
facing	29
11811	29
2506	29
departments	29
easier	29
538-	29
600	29
10am	29
29107	29
2220	29
eviction	28
larceny	28
struggling	28
1250	28
720	28
footage	28
meds	28
target	28
14600	28
278	28
kept	28
hopefully	28
cycling	28
freeze	28
shooting	28
trading	28
cuff	28
curtis	28
mentioned	28
tires	28
1242	28
badge	28
web	28
everybody's	28
explain	28
cancelled	28
422	28
cold	28
loop	28
1382	28
buffalo	28
directions	28
121	28
oil	28
teen	28
manic-3	28
explorer	28
cooper	28
bridges	28
pound	28
13302	28
cargo	28
5-8	28
final	28
margaret	28
259	28
charger	28
12405	28
fingerprint	28
714	28
908	28
mailbox	28
1511	28
1369	28
episode	28
12520	28
stove	28
finishing	28
surgery	28
electrical	28
159	28
briefing	28
forestry	28
12009	28
1384	27
lsd	27
count	27
shane	27
russell	27
bartender	27
coke	27
warm	27
1443	27
semi	27
315	27
choking	27
plaintiff	27
floors	27
weekend	27
pedestrian	27
tools	27
medic's	27
tavern	27
guns	27
6-9	27
sweater	27
pack	27
feed	27
resides	27
cards	27
thrush	27
12-5	27
f-150	27
midas	27
richmond	27
smells	27
legally	27
136	27
6-8	27
signed	27
series	27
evidence	27
dock	27
caused	27
beat	27
proceed	27
thoughts	27
mass	27
gary	27
lived	27
doa	27
stephanie	27
2035	27
till	27
how's	27
department's	27
privileges	27
1229	27
1363	27
harrison	27
15601	27
payroll	27
156	26
blake	26
figured	26
bye-bye	26
lead	26
provided	26
extremely	26
14755	26
eldridge	26
comments	26
normally	26
conference	26
chat	26
risk	26
maintain	26
5'11	26
permission	26
offender	26
forth	26
hits	26
flown	26
chain	26
backup	26
rose	26
physically	26
182	26
thinking	26
traveling	26
aggressive	26
page	26
ann	26
holdings	26
buy	26
1-8900	26
flashing	26
friend's	26
angle	26
santa	26
417	26
delivered	26
recording	26
kicked	26
minivan	26
14567	26
matt	26
ways	26
2-9	26
joe's	26
18616	26
1269	26
ladder	26
merle	26
prices	26
12th	26
illuminating	26
phelps	26
laura	26
pontiac	26
overlook	26
402	26
2108	26
323	26
belongs	26
sharing	26
windshield	26
map	26
14530	26
rogue	26
blossom	26
mullen	26
consent	26
601	26
502	26
408	26
elevators	26
declined	26
2030	26
anonymous	26
1327	26
experience	26
'27	26
1631	25
identify	25
worry	25
6'2	25
cannon	25
2105	25
noises	25
la	25
312	25
bird	25
erie	25
1622	25
ya	25
voluntarily	25
parker	25
escort	25
happening	25
brewery	25
pressed	25
susan	25
612	25
women's	25
2210	25
thrown	25
lower	25
1475	25
241	25
person's	25
plaza	25
149	25
hole	25
118th	25
themselves	25
trucker	25
worth	25
goodbye	25
phones	25
volvo	25
angela	25
mustang	25
specific	25
mini	25
handcuffs	25
mill	25
grant	25
corky's	25
ballad	25
price	25
evans	25
2115	25
14819	25
worked	25
julie	25
ronald	25
numerous	25
stick	25
teacher	25
901	25
retired	25
2211	25
style	25
hudson	25
hood	25
chipotle	25
warner	25
sleep	25
utility	25
pit	25
ferndale	25
maryland	25
mirror	25
meters	25
2207	25
2038	25
1433	25
11720	25
411	25
bikes	25
spots	24
um	24
combative	24
unseen	24
240	24
405	24
hers	24
plane	24
below	24
15425	24
columbus	24
makes	24
awesome	24
pending	24
awake	24
nicole	24
dc	24
wake	24
neither	24
silent	24
audible	24
according	24
originally	24
iowa	24
homewood	24
paramedics	24
girls	24
glen	24
copper	24
419	24
texted	24
consciousness	24
621	24
menacing	24
cage	24
325	24
18900	24
terry	24
11837	24
true	24
claim	24
kingboy	24
1-8	24
dispute	24
township	24
southern	24
savage	24
medina	24
boys	24
153	24
237	24
three's	24
improper	24
bays	24
honey	24
721	24
sgt	24
rescue	24
punched	24
1001	24
erratically	24
broccoli	24
purchase	24
clipped	24
transformer	24
eating	24
don	24
knee	24
abandoned	24
2147	24
son's	24
favor	24
18645	24
danny	24
flames	24
arms	24
1311	24
vest	24
1410	24
trent	24
steve	24
tracy	24
plover	24
firearms	24
stairwell	24
1020	24
1634	24
503	24
shouldn't	24
1340	24
cdl	24
spending	24
catering	24
alive	23
versus	23
5'4	23
confirming	23
elyria	23
jennifer	23
ymca	23
fact	23
stealing	23
woke	23
advisor	23
flip	23
rav4	23
pa	23
forgot	23
jonathan	23
catherine	23
continued	23
1212	23
sight	23
133	23
dining	23
governor	23
roy	23
12540	23
164	23
fixed	23
beats	23
5-6	23
airbags	23
booth	23
disagreement	23
242	23
helping	23
20-4	23
stewart	23
parole	23
2113	23
chris	23
1620	23
630	23
1519	23
range	23
292	23
immediately	23
318	23
609	23
panera	23
write	23
mason	23
handicapped	23
partial	23
destroyed	23
woman	23
impala	23
burnt	23
terminate	23
1485	23
seem	23
felt	23
geale	23
kelly	23
rivera	23
horn	23
mouth	23
1431	23
repair	23
406	23
drive-thru	23
12015	23
1535	23
durango	23
damaging	23
commodore	23
14013	23
reference	23
jacob	23
donuts	23
wallace	23
waverly	23
1276	23
uh-huh	23
nebraska	23
11108	23
255	22
assistant	22
1619	22
mother's	22
5'7	22
truck's	22
lorain	22
form	22
catheter	22
patients	22
bumper	22
phone's	22
backdoor	22
appeared	22
2139	22
spoken	22
162	22
400	22
fleet	22
warned	22
joshua	22
2-3	22
6-1	22
245	22
wine	22
thompson	22
overdose	22
shaking	22
uncooperative	22
elver	22
pinto	22
pendant	22
sheila	22
marked	22
tracker	22
blackmail	22
roommate	22
115th	22
murphy	22
fever	22
sheriff's	22
gordon	22
letters	22
rodriguez	22
reaction	22
max	22
603	22
pushing	22
sharp	22
odot	22
saturday	22
space	22
assigned	22
calm	22
ms	22
oak	22
norton	22
savings	22
15027	22
304	22
random	22
decided	22
crashed	22
shoreham	22
bet	22
shopping	22
alyssa	22
702	22
12050	22
pointing	22
14815	22
1331	22
hiding	22
eastern	22
hears	22
1557	22
medium	22
2400	22
13215	22
recall	22
complained	22
243	22
landing	22
512	22
910	22
skipped	22
dallas	22
1352	22
sparking	22
bicyclist	22
1357	22
deli	22
14108	22
'15	22
'10	22
'3	22
battalion	22
132	21
5-1	21
claimed	21
buying	21
legal	21
fed	21
obstruction	21
operator	21
1414	21
winter	21
anxiety	21
155	21
wing	21
diana	21
fired	21
hit-skip	21
elizabeth	21
20th	21
ended	21
scared	21
gotcha	21
weather	21
bottom	21
freight	21
click	21
portion	21
185	21
fit	21
1432	21
jim	21
1251	21
detectors	21
1215	21
ordinary	21
harding	21
14601	21
behalf	21
9-0	21
visual	21
obstructed	21
massachusetts	21
dialed	21
such	21
opening	21
vega	21
likes	21
vanity	21
14806	21
287	21
kfc	21
chelsea	21
anderson	21
mate	21
confirmation	21
nol	21
raising	21
mack	21
select	21
unfortunately	21
mayfield	21
fedex	21
amazon	21
occurred	21
heat	21
bridgewood	21
creating	21
1577	21
12-8	21
hurry	21
land	21
14861	21
990	21
1610	21
on-ramp	21
163	21
810	21
1555	21
linda	21
discharged	21
loading	21
fort	21
12112	21
415	21
connor	21
2029	21
acadia	21
allegedly	21
1548	21
14800	21
amr	21
1472	21
1990	21
700	21
19108	21
'7	21
westcliffe	21
1380	20
callers	20
tattoos	20
20-9	20
324	20
cam	20
whoever's	20
fourth	20
oven	20
lpd's	20
shannon	20
cones	20
detect	20
fire's	20
ceiling	20
london	20
dale	20
edit	20
1436	20
ovt	20
cuts	20
293	20
hero	20
display	20
jose	20
alcoholic	20
144	20
inbound	20
blacked	20
kane	20
1-0	20
keeping	20
forte	20
kenneth	20
involving	20
fitness	20
osp	20
dial	20
similar	20
crossed	20
clinton	20
turner	20
jeremy	20
y	20
slide	20
nursing	20
beyond	20
wrap	20
pilot	20
except	20
absorbent	20
concord	20
mcdonald	20
paper	20
1427	20
prius	20
sportage	20
settled	20
pardon	20
relieve	20
brick	20
reached	20
stays	20
roads	20
va	20
138	20
sales	20
254	20
infection	20
temporarily	20
crash	20
karen	20
1360	20
10-17	20
1361	20
previously	20
1377	20
tim	20
7-9	20
reserved	20
marsh	20
counting	20
alleyway	20
autistic	20
171	20
20s	20
1323	20
1623	20
takes	20
applies	20
valve	20
5-10	20
1320	20
1421	20
phoenix	20
19104	20
leads	20
mccarthy	20
resident's	20
14718	20
tape	20
bailey	20
get-go	20
1383	20
porter	20
2100	20
evicted	20
flipped	20
infinity	20
loudly	20
pothole	20
asleep	20
activation	20
cats	20
1026	20
4312	20
intact	20
siren	20
willing	20
grass	20
par	20
'21	20
4108	20
29108	20
2-11	19
fan	19
10-20	19
7-1	19
mention	19
1385	19
174	19
squad's	19
1145	19
locations	19
dark-colored	19
o'neal	19
protective	19
dementia	19
1337	19
pier	19
lawrence	19
288	19
suspects	19
death	19
181	19
1630	19
flow	19
pop	19
heather	19
clarify	19
actual	19
weird	19
runs	19
1515	19
1496	19
alarm's	19
associated	19
dave	19
unlock	19
326	19
dewey's	19
lying	19
morgan	19
269	19
169	19
16407	19
tax	19
changes	19
dad's	19
reading	19
2500	19
season	19
11801	19
headache	19
fe	19
195	19
learn	19
canada	19
regard	19
bugs	19
destroy	19
2110	19
linton	19
words	19
1325	19
ankle	19
disability	19
1221	19
sometime	19
palm	19
oklahoma	19
wiscona	19
earn	19
apart	19
27th	19
samuel	19
sub	19
clothes	19
jacqueline	19
racing	19
114th	19
lisa	19
johnny	19
opened	19
274	19
identity	19
605	19
1392	19
1227	19
8th	19
517	19
sky	19
citizen	19
sat	19
1017	19
leash	19
complex	19
dispatched	19
1614	19
comply	19
wide	19
we'd	19
statement	19
flush	19
pocket	19
15207	19
420	19
1617	19
jerry	19
randall	19
11732	19
unique	19
self	19
document	19
bonnie	19
whiskey	19
13437	19
mid	19
10-14	18
rain	18
soul	18
assume	18
fortune	18
turns	18
3-8	18
rachel	18
clerk	18
completed	18
hc	18
discard	18
cool	18
empty	18
sometimes	18
rms	18
dr	18
happens	18
mattress	18
10th	18
india	18
positive	18
aisle	18
responsive	18
bonds	18
vector	18
fox	18
megan	18
covers	18
740	18
fluid	18
cruising	18
12-3	18
7-11	18
headlights	18
gunshot	18
clifton's	18
412	18
dry	18
421	18
7-4	18
21's	18
ralph	18
purse	18
12-7	18
1445	18
packing	18
danger	18
120-400	18
1200	18
relay	18
size	18
1545	18
806	18
doordash	18
renegade	18
gives	18
fax	18
patricia	18
monday	18
carl	18
whether	18
payment	18
brea	18
platinum	18
404	18
21st	18
pregnant	18
parent	18
drivable	18
documented	18
engine's	18
peace	18
1495	18
certain	18
imperial	18
6-3	18
1595	18
297	18
couch	18
cracked	18
factory	18
robinson	18
foul	18
1611	18
802	18
paris	18
1503	18
boiler	18
willoughby	18
2900	18
mode	18
university	18
4300	18
1329	18
yards	18
finance	18
salad	18
speeding	18
monitor	18
impaired	18
kristen	18
11821	18
balance	18
connected	18
lightheaded	18
weston	18
lethargic	18
ex-boyfriend	18
522	18
odd	18
brunswick	18
tennis	18
1438	18
jasmine	18
1508	18
paramedic	18
dog's	18
watson	18
zoo	18
network	18
13511	18
aristocrat	18
purposes	18
believed	18
wandering	18
timothy	18
trans	18
1428	18
1995	18
29117	18
hooded	18
mohammed	18
cody	18
17104	18
reveley	18
2510	18
dairy	18
1998	18
dear	18
adviser	18
04108	18
armory	17
howard	17
8-9	17
17540	17
285	17
12550	17
triple	17
anybody's	17
means	17
division	17
1512	17
day's	17
2148	17
treated	17
bail	17
actively	17
knew	17
alan	17
director	17
loss	17
13-9	17
other's	17
11706	17
1521	17
river's	17
1359	17
kings	17
176	17
14740	17
192	17
held	17
ping	17
attic	17
load	17
cleaned	17
1310	17
17600	17
7-6	17
16900	17
subscriber	17
12-9	17
sell	17
dot	17
1275	17
observed	17
idaho	17
period	17
tuesday	17
otherwise	17
brookfield	17
hooked	17
door's	17
appointment	17
morris	17
ridgeville	17
253	17
9-1	17
6-4	17
dismissed	17
val	17
encore	17
coil	17
pat	17
proof	17
cabin	17
elantra	17
beige	17
sticking	17
share	17
25-4	17
crosswalk	17
cheers	17
clock	17
narcotics	17
1502	17
attending	17
coverage	17
addison	17
automotive	17
rider	17
gentleman's	17
attacked	17
2036	17
wrapped	17
collect	17
joy	17
fc	17
2085	17
barney	17
1295	17
disqualified	17
1b	17
9th	17
622	17
harming	17
searched	17
15527	17
robertson	17
glad	17
football	17
psych	17
wager	17
tags	17
1580	17
larry	17
burned	17
2034	17
edison	17
stumbling	17
6-6	17
uncle	17
1997	17
paint	17
split	17
11-8	17
11800	17
upper	17
throughout	17
mail's	17
mixed	17
271	17
establishing	17
1-4300	17
christina	17
samantha	17
charged	17
middleburg	17
14725	17
isaiah	17
staged	17
1494	17
respect	17
14th	17
rosa	17
disorder	17
secondary	17
cruze	17
298	17
1541	17
southwesterly	17
senior	17
pv	17
1285	17
2073	17
skate	17
slip	17
1463	17
1633	17
angelo's	17
pathfinder	17
1266	17
2124	17
tucker	17
gecko	17
11868	17
reside	17
motorized	17
spell	17
1279	17
philly	17
15424	17
gift	17
families	17
fees	17
'25	17
1710	17
neighborhoods	17
sixteenth	17
gusto	17
13-8	16
ron	16
recovery	16
freeway	16
grainger	16
damon	16
10-16cs	16
ours	16
men	16
backyards	16
automatic	16
12951	16
yours	16
tour	16
boyfriend's	16
1499	16
840	16
1466	16
sandra	16
contacting	16
usa	16
marlo	16
lab	16
252	16
1272	16
complainants	16
9-2	16
obg	16
enlisting	16
aggravated	16
5-2	16
711	16
920	16
1333	16
1343	16
cruise	16
facility	16
5-9	16
carvel	16
fully	16
orders	16
dui	16
restroom	16
visiting	16
duncan	16
ag	16
wright	16
1278	16
9-5	16
derek	16
7-7	16
730	16
graver	16
295	16
quickly	16
anyway	16
12-1	16
alabama	16
assign	16
citizens	16
mohamed	16
403	16
limited	16
jamal	16
corridor	16
failed	16
closest	16
often	16
haley	16
thursday	16
trailblazer	16
189	16
alley	16
swerving	16
duty	16
helped	16
2140	16
moves	16
416	16
1550	16
365	16
minus	16
starts	16
kimberly	16
316	16
2125	16
shirley	16
christine	16
deals	16
phillips	16
continues	16
1315	16
brook	16
rolled	16
8-8	16
join	16
1314	16
11900	16
1-2	16
blind	16
smart	16
driven	16
1389	16
towing	16
1539	16
outstanding	16
2-4	16
assignment	16
teenagers	16
291	16
1492	16
ross	16
on-site	16
belong	16
tray	16
people's	16
filed	16
1411	16
141	16
335	16
higher	16
1650	16
lynn	16
atm	16
registrar	16
expect	16
condition	16
jobs	16
2227	16
rope	16
fred	16
filled	16
pumps	16
1007	16
slumped	16
mario	16
409	16
5-7	16
generate	16
grandmother	16
andre	16
create	16
179	16
overnight	16
present	16
sandwich	16
1582	16
solomon	16
unclear	16
15107	16
1042	16
compass	16
overhead	16
2-1	16
1468	16
robbery	16
leaning	16
906	16
1625	16
gasoline	16
landscaping	16
1536	16
1298	16
helps	16
2041	16
leggings	16
rockaway	16
o'brien	16
1656	16
2132	16
antonio	16
2053	16
1321	16
described	16
solstice	16
14104	16
1993	16
1449	16
departure	16
1014	16
2179	16
sixteens	16
spires	16
20107	16
memories	16
1000000	16
beanie	15
hvac	15
1111	15
lamar	15
peer	15
hell	15
mine	15
describe	15
reverse	15
vent	15
master	15
rocks	15
rooms	15
1529	15
academy	15
leo	15
manage	15
fdic	15
8-3	15
930	15
i-x	15
carlyle	15
ethan	15
1538	15
1220	15
warn	15
1618	15
jeff	15
2152	15
134	15
depot	15
ordinance	15
1820	15
georgetown	15
squadron	15
6-5	15
castlewood	15
168	15
meals	15
7-3	15
wherever	15
amanda	15
gene	15
needing	15
shower	15
14814	15
808	15
tiffany	15
adults	15
vegas	15
alex	15
brianna	15
filling	15
9-6	15
322	15
narragansett	15
campbell	15
news	15
correctly	15
baxter	15
mic	15
10-24	15
8-5	15
observe	15
eligible	15
1317	15
disperse	15
powers	15
blocks	15
pub	15
246	15
funds	15
allergic	15
americanexpress	15
explore	15
610	15
born	15
faint	15
net	15
courtney	15
hurts	15
sapels	15
amber	15
jane	15
2135	15
1491	15
slowing	15
dca	15
douglas	15
501	15
runner	15
aldi's	15
deer	15
irate	15
angel	15
11825	15
treat	15
2069	15
folks	15
markovic	15
sharon	15
handicap	15
placard	15
win	15
asthma	15
1224	15
calmed	15
device	15
toll	15
531	15
carton	15
2150	15
191	15
files	15
2028	15
apr	15
lauren	15
beating	15
dress	15
443	15
1657	15
country	15
pm	15
khaki	15
1507	15
1522	15
portage	15
186	15
1613	15
jamie	15
arliss	15
airport	15
treasure	15
remaining	15
1518	15
1719	15
1437	15
boston	15
628	15
1255	15
program	15
431	15
relief	15
508	15
140th	15
re	15
path	15
1501	15
amherst	15
cream	15
12020	15
daleview	15
1347	15
2170	15
booked	15
faulty	15
12047	15
hannah	15
mission	15
1426	15
1420	15
12915	15
donna	15
courts	15
1245	15
16414	15
14107	15
1322	15
comma	15
186-30-60	15
107108	15
'11	15
countless	15
supporting	15
charms	15
distinct	15
venues	15
menus	15
sincerely	15
harper	15
overdosing	14
1644	14
seven	14
rage	14
played	14
disregarded	14
pick-up	14
279	14
girlfriend's	14
1655	14
1568	14
brush	14
tail	14
1284	14
19-0	14
sentra	14
toronto	14
2119	14
tacoma	14
nowhere	14
1474	14
727	14
360	14
luke	14
rivers	14
height	14
immigrant	14
chill	14
trap	14
threat	14
kingsham	14
rv	14
1559	14
strip	14
garcia	14
10-22	14
serious	14
serviced	14
cpr	14
pulse	14
ivanovic	14
11-9	14
anything's	14
bob	14
promise	14
1549	14
2-7	14
travis	14
15412	14
cruiser	14
events	14
deliver	14
palmer	14
tones	14
430	14
poles	14
619	14
descend	14
median	14
died	14
patron	14
1987	14
2080	14
gl	14
firework	14
answers	14
bronco	14
1629	14
2062	14
realize	14
po	14
apron	14
275	14
burke	14
nervous	14
unlike	14
walls	14
perry	14
approached	14
brakes	14
project	14
instruments	14
kayla	14
speaks	14
spill	14
330	14
arden	14
joining	14
1434	14
replace	14
investment	14
properties	14
installed	14
leaves	14
firefighter	14
dealing	14
2095	14
mistake	14
pan	14
917	14
marlow	14
benjamin	14
744	14
deborah	14
toward	14
1599	14
fish	14
bureau	14
served	14
beverage	14
it'd	14
pounding	14
1616	14
1578	14
driveways	14
honor	14
speech	14
banking	14
fetch	14
826	14
2-0-8	14
burn	14
concrete	14
1471	14
z	14
256	14
wednesday	14
lemon	14
cartridge	14
nevada	14
gibson	14
1850	14
14115	14
1043	14
winterhurst	14
player	14
challenger	14
ccso	14
apartment's	14
carlton	14
command's	14
cup	14
1335	14
responder	14
15314	14
there'll	14
walsh	14
gonzalez	14
charging	14
1257	14
restrictions	14
reaching	14
spare	14
absolutely	14
gla	14
2054	14
melissa	14
mount	14
unauthorized	14
14100	14
hip	14
1046	14
begin	14
woods	14
planning	14
328	14
1462	14
baker	14
insured	14
faster	14
deep	14
seizures	14
rover	14
furnace	14
addresses	14
346	14
1371	14
1416	14
u-haul	14
connecticut	14
keith	14
bound	14
1356	14
977	14
marina	14
error	14
disoriented	14
157	14
malfunction	14
1247	14
11709	14
706	14
skinny	14
1418	14
wondering	14
pajama	14
1590	14
collins	14
8107	14
1999	14
gabriel	14
c's	14
2511	14
1293	14
ellis	14
15311	14
reunited	14
bite	14
2212	14
2112	14
13201	14
exclusions	14
car-10	14
1019	14
1459	14
holes	14
bartley	14
mhmm	14
7108	14
1910	14
westcliffon	14
11107	14
rebates	14
harper's	14
audio	13
cocaine	13
440	13
priors	13
650	13
felonious	13
townsend	13
comm	13
willingly	13
713	13
tows	13
289	13
ev	13
trial	13
1264	13
coupon	13
granted	13
success	13
denny	13
2130	13
leading	13
toilet	13
525	13
296	13
blew	13
todd	13
mess	13
places	13
keyholder	13
holders	13
speaker	13
including	13
principal	13
offered	13
1117	13
276	13
strongville	13
elder	13
compliant	13
2-door	13
linden	13
2190	13
cousin	13
monoxide	13
barely	13
509	13
139	13
swelling	13
children's	13
24-year-old	13
quinn	13
1589	13
kidney	13
15322	13
extinguished	13
quality	13
7-2	13
cuffing	13
student	13
footprints	13
felon	13
1344	13
gabby	13
human	13
tina	13
1274	13
depression	13
2198	13
stops	13
dl's	13
tommy	13
117-01	13
re-secured	13
iv	13
optima	13
trump	13
switched	13
clifford	13
1497	13
fake	13
1900	13
certainly	13
530	13
funeral	13
wrote	13
cheryl	13
1516	13
1592	13
651	13
nope	13
draw	13
11843	13
1110	13
anna	13
strangulation	13
1986	13
229th	13
allow	13
slot	13
corp	13
413	13
ac	13
wow	13
1290	13
1533	13
firm	13
locks	13
allison	13
178	13
1228	13
1326	13
5-5	13
9-10	13
sarge	13
2b	13
compliance	13
marriott	13
bonneville	13
areas	13
mississippi	13
15010	13
queens	13
el	13
1300	13
dump	13
reopen	13
rather	13
camp	13
2040	13
apple	13
package	13
barrio	13
2183	13
urinating	13
kaufman	13
forget	13
1239	13
1476	13
257	13
freeman	13
2160	13
1015	13
poll	13
18605	13
carson	13
rav	13
moons	13
1400	13
607	13
bonnyview	13
1422	13
curtain	13
saturn	13
13202	13
evaluation	13
award	13
1505	13
kicking	13
1632	13
solid	13
squads	13
vestibule	13
repeatedly	13
1556	13
2075	13
bunce	13
punch	13
rebecca	13
1424	13
wesson	13
manic	13
13200	13
1659	13
bunter	13
238	13
citations	13
cincinnati	13
1440	13
lockbox	13
attend	13
809	13
sheriff	13
probate	13
steam	13
outlet	13
carlos	13
vacuum	13
2088	13
16803	13
1230	13
uses	13
whippoorwill	13
613	13
eugene	13
haze	13
1534	13
1419	13
1653	13
1685	13
squirrel	13
josh	13
1222	13
myers	13
montana	13
grabbed	13
340	13
8-7	13
1612	13
wheels	13
2128	13
trey	13
titled	13
ear	13
407	13
1120	13
1526	13
16000	13
contractor	13
1627	13
1044	13
2910	13
418	13
plant	13
flagging	13
1514	13
1994	13
1071	13
numb	13
groundhog	13
dreads	13
guarded	13
722	13
overbrook	13
finds	13
1670	13
balcony	13
shed	13
pieces	13
midtown	13
grad	13
19107	13
268-7666	13
'24	13
'12	13
15108	13
brickyard	13
b260294	13
b260679	13
1106	12
10-13	12
suspected	12
schedule	12
funny	12
product	12
downed	12
bars	12
kathleen	12
lose	12
obd	12
1256	12
2-1-1	12
con	12
bought	12
differently	12
1429	12
20-25	12
leeds	12
operating	12
9-7	12
robinhood	12
act	12
6'3	12
1554	12
11-4	12
2221	12
5107	12
avoid	12
cartoons	12
totally	12
1207	12
strange	12
restraining	12
veteran	12
nephew	12
earth	12
crews	12
1626	12
products	12
mostly	12
illegal	12
heavily	12
collapsed	12
1490	12
1691	12
5'3	12
24-7	12
dinner	12
noah	12
belt	12
boots	12
dov	12
offset	12
17920	12
respondent	12
owns	12
checker	12
server	12
fault	12
dennis	12
1506	12
hunt	12
1240	12
becky	12
harbor	12
farm	12
3-0	12
80-year-old	12
pointed	12
sunoco	12
relationship	12
10-11	12
ids	12
study	12
sanders	12
julius	12
stayed	12
13's	12
mel	12
indianola	12
queue	12
shoplifting	12
1701	12
skin	12
carpenter	12
3-4	12
batteries	12
deposit	12
1565	12
527	12
1531	12
mark's	12
2118	12
624	12
homes	12
clipping	12
wilbur	12
1107	12
supervisor	12
symptoms	12
staring	12
temper	12
211's	12
winston	12
kitty	12
flashlight	12
1591	12
berm	12
accept	12
camaro	12
warrensville	12
resources	12
617	12
terrain	12
177	12
covid	12
nancy	12
slight	12
kingtown	12
tie	12
313	12
rewards	12
821	12
worcester	12
bushes	12
tampa	12
required	12
stretcher	12
activity	12
1435	12
pedestrians	12
caroline	12
bothering	12
games	12
zoom	12
bets	12
session	12
canton	12
1391	12
becoming	12
quayle	12
masks	12
1386	12
prevention	12
rsp	12
deployment	12
stray	12
1720	12
boost	12
extreme	12
measure	12
150th	12
charter	12
1458	12
sheet	12
dressed	12
1-3	12
fly	12
1517	12
assessed	12
garages	12
submit	12
1640	12
dryer	12
1209	12
soft	12
disqualifiers	12
pipe	12
atlas	12
drain	12
cops	12
flatbed	12
colvin	12
606	12
low-hanging	12
1687	12
contractors	12
enroute	12
258	12
trucking	12
kennedy	12
1358	12
child's	12
2061	12
1643	12
communications	12
ben	12
informed	12
cleaner	12
1270	12
1598	12
drake	12
verbally	12
2122	12
2121	12
guessing	12
1388	12
realized	12
breakdown	12
532	12
transit	12
1-1900	12
mcginty's	12
615	12
newmont	12
sewer	12
necklace	12
rates	12
backing	12
1439	12
1303	12
921	12
flower	12
wet	12
brooks	12
twain	12
divert	12
larc	12
928	12
1969	12
1417	12
planet	12
speed's	12
carrier	12
approximate	12
beck	12
demetrius	12
1296	12
licensed	12
1409	12
1338	12
beeping	12
maxwell	12
13439	12
specials	12
14521	12
11790	12
1294	12
915	12
1586	12
learning	12
736	12
doc	12
flowers	12
'90	12
thirties	12
11104	12
17117	12
hallas	12
ranch	12
10415	12
bonny	12
chai	12
floral	12
halls	11
henderson	11
lit	11
evacuation	11
erratic	11
wound	11
island	11
brittany	11
studio	11
noon	11
diagnosed	11
corey	11
1131	11
1532	11
1332	11
respective	11
1537	11
city's	11
198	11
border	11
subscribe	11
region	11
tip	11
limit	11
nathan	11
350	11
handgun	11
pace	11
plain	11
porsche	11
24-8	11
suspect's	11
huh	11
918	11
robber	11
duluth	11
midnight	11
swat	11
willie	11
yonge	11
highlander	11
greg	11
215th	11
everett	11
id's	11
grandson	11
ken	11
2116	11
10-45	11
gear	11
526	11
scan	11
125-06	11
10-30	11
tara	11
5'1	11
2081	11
shady	11
fare	11
impreza	11
mercury's	11
sherry	11
misdemeanor	11
1226	11
application	11
craig	11
glancy	11
supper	11
144-01	11
gregory	11
classic	11
alaska	11
career	11
807	11
backseat	11
meant	11
flex	11
1498	11
facial	11
14523	11
referring	11
chloe	11
2065	11
17-year-old	11
aye	11
152	11
kent	11
gill	11
vice	11
madeline	11
12030	11
misunderstanding	11
therefore	11
mid-block	11
burst	11
remainder	11
stack	11
basically	11
2195	11
prescription	11
killed	11
columbia	11
lucas	11
excellent	11
booster	11
plenty	11
charlotte	11
replaced	11
dean	11
disregarding	11
tab	11
715	11
pullover	11
interrupt	11
tired	11
herman	11
zeros	11
158	11
triscott	11
escorted	11
4's	11
schizophrenia	11
bread	11
8-2	11
staples	11
user	11
331	11
tundra	11
518	11
mayor	11
revised	11
1354	11
destiny	11
40s	11
sensor	11
shining	11
careful	11
6-7	11
cluster	11
7-0	11
college	11
1605	11
2251	11
tune	11
1180	11
bet365	11
crystal	11
fraud	11
1302	11
1-2700	11
outage	11
determine	11
norris	11
1584	11
1253	11
movie	11
1265	11
426	11
plastic	11
717	11
902	11
robbins	11
curly	11
taller	11
283	11
coral	11
1330	11
1348	11
268	11
hallucinating	11
1523	11
17315	11
2-12	11
1309	11
327	11
tinted	11
guardian	11
phil	11
malik	11
1045	11
1211	11
1513	11
throat	11
tenants	11
functioning	11
alexis	11
fiber	11
mullins	11
1232	11
partners	11
cost	11
1312	11
granddaughter	11
farmer	11
1336	11
570	11
grandma	11
manager's	11
copd	11
1291	11
oncoming	11
brain	11
campus	11
2039	11
blackburn	11
2103	11
dylan	11
trace	11
separation	11
accent	11
dumpster	11
cord	11
owego	11
507	11
pair	11
louis	11
spray	11
matched	11
magic	11
sorento	11
161	11
watkins	11
2215	11
marcus	11
1464	11
2058	11
3-1	11
1252	11
impound	11
raymond	11
specialist	11
written	11
marshal	11
itself	11
10-18	11
delivering	11
1652	11
warren's	11
descriptions	11
1126	11
718	11
12228	11
1206	11
1597	11
4306	11
supplies	11
1349	11
1444	11
523	11
stroller	11
scam	11
750	11
montgomery	11
14235	11
2193	11
evan	11
rib	11
19-2	11
endorsement	11
1581	11
nights	11
slipped	11
renee	11
oregon	11
18101	11
shutdown	11
thinners	11
2230	11
pamela	11
2107	11
2219	11
rafael	11
luis	11
15104	11
1636	11
handful	11
197	11
mulch	11
248	11
2083	11
804	11
watched	11
16915	11
cartoon's	11
stalking	11
15730	11
1551	11
5104	11
somehow	11
1661	11
ups	11
2520	11
10429	11
14760	11
jd	11
na	11
ringing	10
buzzer	10
breakfast	10
1647	10
handled	10
4-4	10
2710	10
volunteer	10
25th	10
andrea	10
royalton	10
engraver	10
aft	10
blowing	10
hide	10
uti	10
lyft	10
1231	10
bonus	10
multi-gas	10
fuse	10
incoherent	10
comment	10
introducing	10
newcomer	10
geniusbank	10
trademark	10
smbc	10
minibank	10
awards	10
independently	10
publication	10
indicative	10
1407	10
forester	10
15-9	10
wooden	10
steal	10
18120	10
1487	10
kansas	10
suit	10
10-7-4	10
dying	10
cans	10
iii	10
1301	10
outback	10
wilbert	10
muscle	10
clients	10
depressed	10
brothers	10
screw	10
routine	10
luke's	10
movement	10
nuisance	10
1594	10
sos	10
31-year-old	10
polo	10
hamilton	10
vance	10
1379	10
1319	10
advisory	10
cue	10
7am	10
whose	10
plow	10
merrill	10
mansfield	10
zachary	10
maurice	10
relation	10
aircraft	10
ad	10
ob	10
scratch	10
slamming	10
sample	10
cycle	10
ill	10
535	10
ain't	10
yankee	10
alexandra	10
beachwood	10
writing	10
265	10
blanket	10
safely	10
attendant	10
concerns	10
24th	10
jury	10
18th	10
25-year-old	10
murray	10
recovered	10
ferry	10
2057	10
ramon	10
1297	10
robbed	10
activated	10
cox	10
1913	10
schmitz	10
touched	10
juvenile's	10
ml	10
850	10
1667	10
prison	10
major	10
two-story	10
investigated	10
impairment	10
toledo	10
weight	10
creek	10
offering	10
crack	10
1675	10
12075	10
napier	10
plans	10
16104	10
copter	10
waterdale	10
hertz	10
airbag	10
halston	10
154	10
arrow	10
167	10
1217	10
adjourn	10
825	10
de	10
gov	10
hurricane	10
529	10
fixing	10
walks	10
generic	10
lizard	10
crescent	10
1547	10
bigger	10
gambling	10
convenience	10
riverwood	10
1651	10
505	10
crest	10
naturally	10
gps	10
golden	10
teeth	10
voluntary	10
1989	10
rob	10
rogers	10
1460	10
canes	10
284	10
40-year-old	10
bolo	10
nathaniel	10
bull	10
frederick	10
slightly	10
tahoe	10
stations	10
unit's	10
pleasure	10
1-2400	10
circling	10
lario	10
guys'	10
angry	10
underage	10
13531	10
chosen	10
1649	10
wolf	10
16408	10
2199	10
agitated	10
sold	10
isolate	10
film	10
reporter	10
touching	10
729	10
winking	10
725	10
refund	10
1-2900	10
messing	10
ed's	10
personnel	10
swearing	10
2700	10
skyview	10
30s	10
clayton	10
914	10
2172	10
pad	10
shotgun	10
20-7	10
1564	10
effort	10
doctor's	10
initially	10
jaguar	10
stair	10
1351	10
memorial	10
13520	10
ariel	10
sticker	10
1260	10
businesses	10
off-ramp	10
sister's	10
coiled	10
edgecliff	10
1982	10
maine	10
digit	10
2168	10
sally	10
1973	10
starter	10
winning	10
teenage	10
1641	10
1553	10
non	10
1104	10
1607	10
spark	10
1609	10
international	10
903	10
1543	10
900	10
became	10
loan	10
mckinney	10
terminal	10
atc	10
spanish	10
mercy	10
1124	10
guardrail	10
potentially	10
diner	10
natasha	10
wellness	10
1996	10
leasing	10
1258	10
alice	10
google	10
1368	10
tango	10
2067	10
slurred	10
9107	10
picks	10
shoe	10
800	10
handed	10
warehouse	10
sleeve	10
13405	10
1839	10
abraham	10
roommates	10
jl	10
mails	10
aunt	10
2126	10
unusual	10
suffer	10
mccormick	10
suits	10
striped	10
volleyball	10
812	10
castro	10
abdul	10
sea	10
1992	10
2222	10
3am	10
'13	10
'14	10
truck1	10
1975	10
'28	10
bonnyville	10
ninth	10
hurd's	10
7010	10
1628	9
shots	9
jennings	9
shall	9
fam	9
payne	9
bucks	9
1452	9
6-2	9
military	9
sheets	9
submitted	9
furniture	9
23's	9
diana's	9
non-emergency	9
transforming	9
lookout	9
12120	9
auxiliary	9
8-1	9
15615	9
wrapping	9
anyways	9
conversation	9
stationed	9
owen	9
distance	9
trax	9
warrant's	9
dehydrated	9
onward	9
effect	9
ribs	9
2175	9
neglect	9
sport	9
15324	9
14710	9
eat	9
stalled	9
50s	9
490	9
bomb	9
triggered	9
2810	9
morales	9
dialysis	9
mad	9
stark	9
detox	9
something's	9
salt	9
29-year-old	9
428	9
rounds	9
916	9
suburban	9
drinks	9
marissa	9
war	9
129th	9
wilkes	9
cortez	9
hawaii	9
italian	9
5'2	9
tool	9
11-0	9
villa	9
922	9
teresa	9
medications	9
salon	9
mechanic	9
guest	9
rochelle	9
026	9
huddle	9
1-b	9
system's	9
northfield	9
267	9
1299	9
bruce	9
las	9
discussion	9
foreign	9
20-year-old	9
spectrum	9
engineer	9
943	9
ears	9
horse	9
suitcase	9
fowler	9
doorbell	9
1509	9
1483	9
247	9
mills	9
defense	9
1249	9
remote	9
1530	9
dls	9
incidents	9
828	9
ton	9
narcotic	9
1201	9
factory's	9
jimmy	9
1175	9
burns	9
aaa	9
005	9
ordering	9
1560	9
moments	9
731	9
janet	9
amy	9
20-50	9
schizophrenic	9
75-year-old	9
drew	9
70-year-old	9
crazy	9
1678	9
pulls	9
esther	9
1308	9
rented	9
offers	9
graves	9
fail	9
purview	9
ca	9
egg	9
spotted	9
6-0	9
kim	9
light-skinned	9
truly	9
danielle	9
employer	9
cautious	9
2204	9
yo	9
hop	9
journey	9
amongst	9
homestead	9
ignore	9
backhoe	9
820	9
2141	9
fans	9
1-7	9
restart	9
iax	9
829	9
lopez	9
trinity	9
waking	9
27-year-old	9
2274	9
romeo	9
845	9
hoodies	9
blade	9
colin	9
166	9
sparks	9
tuning	9
arrives	9
jetta	9
illegally	9
volume	9
30th	9
detour	9
tucson	9
farther	9
lca	9
coyle	9
plaid	9
fleming	9
reception	9
speedy	9
14623	9
russian	9
12-2	9
custom	9
triton	9
12203	9
2205	9
essential	9
16601	9
race	9
1393	9
dmv	9
719	9
nico	9
detected	9
vs	9
swinging	9
drunk	9
unplugged	9
carla	9
cardinal	9
mickey	9
finger	9
19-7	9
advises	9
abbey	9
shire	9
1774	9
drone's	9
dixon	9
broadview	9
bent	9
stood	9
1941	9
1241	9
1983	9
pacing	9
2045	9
1-5500	9
wrangler	9
2149	9
1984	9
nolan	9
internet	9
patch	9
rooftop	9
toast	9
12039	9
simon	9
patton	9
identified	9
1540	9
bear	9
calvin	9
193	9
reopened	9
larger	9
1660	9
1680	9
bellevue	9
caravan	9
ii	9
grill	9
jam	9
cc	9
radios	9
carver	9
bennett	9
oliver	9
1477	9
11835	9
clot	9
sand	9
tanya	9
stevens	9
19-9	9
refrigerator	9
14900	9
lb	9
china	9
dow	9
1130	9
12501	9
935	9
everywhere	9
eddie	9
932	9
elliott	9
harassed	9
losing	9
street's	9
10-27	9
talks	9
2224	9
messed	9
idle	9
julia	9
rig	9
al	9
sheffield	9
refuses	9
rick	9
704	9
castle	9
2109	9
12231	9
huntsville	9
waters	9
140-300	9
art	9
913	9
13751	9
830	9
climbing	9
1406	9
cane	9
alicia	9
leather	9
purchased	9
616	9
pet	9
chose	9
inform	9
simone's	9
explained	9
socks	9
1047	9
inch	9
subject's	9
tractor	9
neil	9
locksmith	9
haircut	9
2047	9
515	9
bottles	9
538	9
korea	9
1654	9
dialing	9
lagoon	9
persisting	9
holt	9
solar	9
shorter	9
crawford	9
elijah	9
uniontown	9
packages	9
1233	9
1442	9
2214	9
716	9
2550	9
dreadlocks	9
1849	9
topping	9
subjects	9
cuyahoga	9
15610	9
5601	9
dunkin'	9
1289	9
708	9
15914	9
2131	9
fidor	9
mix	9
distribute	9
malcolm	9
006	9
greatest	9
possum	9
13029	9
2171	9
golf	9
805	9
condominiums	9
1558	9
accessories	9
lipsy	9
sweaty	9
17103	9
iphone	9
unheard	9
explains	9
thin	9
1184	9
1210	9
777	9
1988	9
2570	9
2507	9
shuttle	9
nail	9
husky	9
2203	9
soccer	9
16934	9
donnie	9
layla	9
2120	9
independence	9
10107	9
04107	9
eleven's	9
199	9
10419	9
westmont	9
15117	9
'16	9
combo	9
1029	9
westminster	9
een	9
piano	9
academic	9
casual	8
1648	8
steel	8
reckless	8
1658	8
punching	8
inspection	8
uniform	8
website	8
murder	8
asia	8
1223	8
923	8
honking	8
jay	8
sober	8
building's	8
cappy	8
progress	8
gather	8
723	8
13-4	8
lighter	8
breast	8
1486	8
2209	8
bleach	8
bro	8
11-3	8
option	8
wingstop	8
printer	8
crypto	8
higgins	8
permits	8
infant	8
anne	8
on-	8
14513	8
runway	8
jalen	8
connection	8
charcoal	8
listing's	8
simple	8
rockwood	8
5'5	8
traumatic	8
two-car	8
20-15	8
77-year-old	8
11-7	8
sex	8
smelled	8
majority	8
morningside	8
mechanical	8
dive	8
anytime	8
8-4	8
teams	8
noted	8
2-15	8
1281	8
28-year-old	8
8-10	8
burg	8
1-4	8
picnic	8
13-7	8
neal	8
1546	8
cashier	8
hughes	8
practice	8
zach	8
ariana	8
11871	8
frozen	8
records	8
boat	8
revise	8
rent	8
brock	8
2-i	8
logan	8
patterson	8
6910	8
seneca	8
3-car	8
lpg	8
dude	8
ounce	8
processing	8
2129	8
1604	8
specify	8
11840	8
detroit's	8
266	8
rim	8
608	8
dizziness	8
210-4	8
potholes	8
12-10	8
stanley	8
8108	8
government	8
videos	8
instagram	8
9mm	8
interesting	8
build	8
apologies	8
rid	8
1405	8
907	8
darren	8
autotrader	8
boom	8
342	8
verse	8
systems	8
817	8
2037	8
stash	8
cameron	8
retrieved	8
average	8
hooking	8
indicate	8
wiles	8
virtual	8
schneider	8
6-10	8
dust	8
equal	8
caregiver	8
rings	8
1202	8
112th	8
roommate's	8
witten	8
2505	8
1700	8
shields	8
dulick	8
sites	8
tattoo	8
lakes	8
disreg	8
backwards	8
marquis	8
rail	8
1-1800	8
823	8
comfortable	8
nichols	8
sweating	8
tunnel	8
mall	8
farrell	8
mil	8
marty	8
theirs	8
2156	8
reliable	8
checkout	8
extradition	8
dawn	8
vision	8
1334	8
boxes	8
razor	8
341	8
q19	8
mba	8
auditorium	8
zip	8
2310	8
persons	8
norfolk	8
1-800-bets-off	8
cal-she	8
1574	8
whistle	8
moon	8
diamond	8
8-6	8
2079	8
camel	8
chicago	8
toe	8
ski	8
offenses	8
ruger	8
5-11	8
1324	8
bridget	8
patriot	8
victory	8
1855	8
281	8
shark	8
ship	8
jumping	8
ipad	8
kirkland	8
monitoring	8
frank's	8
1195	8
approved	8
16107	8
rank	8
inspector	8
841	8
trained	8
refer	8
sweet	8
2157	8
pov	8
prints	8
kid's	8
bipolar	8
rubber	8
2181	8
eval	8
blurry	8
version	8
unsafe	8
2907	8
printed	8
bounds	8
cartier	8
homeowners	8
puppy	8
birdtown	8
15500	8
adkins	8
kaylee	8
phase	8
optic	8
ean	8
messaging	8
ingram	8
785	8
three-story	8
lastly	8
successful	8
surveillance	8
1671	8
shutting	8
3-9	8
705	8
ci	8
fyi	8
registry	8
addition	8
15111	8
24-9	8
2-0-5	8
2077	8
1912	8
10-21	8
providing	8
hillside	8
14321	8
graham	8
precaution	8
lump	8
1-2019	8
14808	8
catholic	8
nurses	8
10-08	8
60s	8
flood	8
adjacent	8
cedar	8
busted	8
pneumonia	8
colon	8
recon	8
bin	8
brief	8
244	8
tracked	8
shaky	8
caitlin	8
boye	8
static	8
reveille	8
exhaust	8
quarter	8
12060	8
12215	8
scheduled	8
11733	8
assess	8
1171	8
jailer's	8
barbara	8
2229	8
nauseous	8
670	8
where'd	8
saver	8
2202	8
feeding	8
1219	8
paranoid	8
diarrhea	8
vaughn	8
1583	8
curry	8
gci	8
encourage	8
1575	8
2246	8
drawer	8
rca	8
exposed	8
cedarwood	8
sacred	8
eight	8
headphones	8
powered	8
1601	8
1366	8
helmet	8
covenant	8
francis	8
ricardo	8
admitted	8
dunkin	8
barnes	8
witnesses	8
indeed	8
stanford	8
gentlemen	8
belligerent	8
camo	8
rice	8
927	8
connecting	8
leon	8
13107	8
limb	8
u-turn	8
747	8
16711	8
866	8
patrons	8
macedonia	8
1528	8
yelled	8
marathon	8
pope	8
2153	8
dispo	8
cutters	8
2055	8
jenny	8
536	8
turnaround	8
kenny	8
bump	8
occupant's	8
savannah	8
joey	8
dti	8
wiper	8
1924	8
corporation	8
haul	8
escalade	8
2173	8
1585	8
1974	8
551	8
million	8
manhole	8
lanning	8
newton	8
raptor	8
11738	8
slowed	8
rang	8
2187	8
rodney	8
bat	8
11710	8
19c	8
watches	8
1105	8
upl	8
corporate	8
pediatric	8
taser	8
lima	8
rifle	8
707	8
prisoners	8
2060	8
1049	8
12026	8
1170	8
light's	8
aged	8
ernest	8
unpaid	8
1282	8
billing	8
signals	8
1919	8
15501	8
knots	8
getgo	8
worries	8
12010	8
groups	8
16910	8
faces	8
diane	8
summer's	8
lowest	8
dislocated	8
4401	8
painting	8
12525	8
cobalt	8
camping	8
2231	8
vincent	8
band	8
11922	8
ncua	8
bellinger	8
percent	8
909	8
127-01	8
carriers	8
12102	8
tsa	8
precheck	8
flagship	8
13535	8
glenn	8
2275	8
owned	8
geel	8
mailed	8
downtown	8
omar	8
11823	8
13509	8
burgundy	8
burrito	8
14227	8
centerville	8
1985	8
'70	8
import	8
22107	8
1018	8
seventeen's	8
1980	8
20108	8
17460	8
reconnect	8
2228	8
9117	8
10108	8
nonemergency	8
marrc	8
1080	8
13108	8
vintage	8
12518	8
15118	8
1977	8
12227	8
extraordinary	8
2032	7
blower	7
eva	7
army	7
checklist	7
keene	7
26-year-old	7
1236	7
23rd	7
passion	7
377	7
cheshire	7
2223	7
recover	7
20-18	7
3-2	7
medically	7
1213	7
1-4600	7
miscommunication	7
roman	7
539	7
texts	7
require	7
curfew	7
726	7
11725	7
disturb	7
re-secure	7
20-3	7
540	7
platform	7
significant	7
benson	7
861	7
valor	7
meadows	7
bramley	7
ricky	7
1567	7
them's	7
17480	7
lloyd	7
quote	7
sim	7
111th	7
11-6	7
571	7
frostbite	7
discuss	7
mullin	7
crawling	7
11's	7
rough	7
sims	7
waving	7
liquor	7
9-11	7
penn	7
locker	7
meets	7
excessive	7
protect	7
cynthia	7
50-year-old	7
utlgoa	7
puffy	7
guards	7
devin	7
pistol	7
knox	7
11-5	7
nikki	7
dramatic	7
5's	7
penthouse	7
12220	7
year's	7
redwood	7
2099	7
continuously	7
bb	7
ottawa	7
1-8200	7
831	7
catching	7
constantly	7
2145	7
ordered	7
20-6	7
seeking	7
salem	7
ham	7
congregational	7
sonic	7
richardson	7
2031	7
734	7
bright	7
plumber	7
2051	7
knorr	7
corbin	7
jenkins	7
enclave	7
denise	7
incoming	7
ditch	7
20-24	7
15's	7
pressing	7
epa	7
onondaga	7
ease	7
12-6	7
2-6	7
7-5	7
huron	7
madisonville	7
german	7
marr	7
003	7
motors	7
regarded	7
666	7
tampered	7
schools	7
maxi's	7
drill	7
masters	7
hatch	7
jesus	7
2-10	7
345	7
839	7
transportation	7
647	7
receipt	7
engle	7
grayson	7
brooke	7
advance	7
bs	7
1267	7
10-29	7
buddy	7
annual	7
benefits	7
entertainment	7
74-year-old	7
jet	7
adt	7
budget	7
4-1	7
1665	7
dataverse	7
dated	7
745	7
hanna	7
1-9	7
high-speed	7
8's	7
2-5	7
pale	7
gale	7
sisters	7
925	7
rides	7
1566	7
355	7
webcliff	7
rd	7
637	7
forge	7
perhaps	7
13340	7
1800	7
075	7
colors	7
pile	7
1079	7
hillary	7
87-year-old	7
killing	7
11904	7
southwestern	7
4-5	7
hogan	7
griffin	7
1679	7
worse	7
gardens	7
blown	7
ladies	7
louisiana	7
easiest	7
uni	7
jared	7
grocery	7
814	7
286	7
rally	7
mach	7
eventually	7
outdoor	7
firing	7
fork	7
sliding	7
gravel	7
1287	7
passengers	7
terrence	7
1469	7
12117	7
10-16-c	7
carving	7
council	7
harmon	7
dominic	7
ptsd	7
cloud	7
1004	7
nine	7
harvey	7
6'200	7
2-0-2	7
taxi	7
294	7
supervised	7
olds	7
miami	7
airview	7
bunt	7
download	7
riley	7
swan	7
garrett	7
366	7
df	7
1119	7
tent	7
ams	7
701	7
battery's	7
numbness	7
1488	7
16808	7
hadn't	7
pittsburgh	7
pickens	7
marker	7
suspicion	7
parallel	7
students	7
obvious	7
labeled	7
nails	7
transporter	7
freezer	7
pd's	7
dos	7
hg	7
obtain	7
692	7
kit	7
84-year-old	7
atlanta	7
trauma	7
tint	7
gm	7
technical	7
65th	7
11851	7
utah	7
2320	7
hp	7
snack	7
728	7
lfb	7
slowly	7
removing	7
1663	7
1681	7
superior	7
1493	7
tendency	7
raleigh	7
1473	7
tammy	7
holland	7
expiry	7
nodding	7
abby	7
solve	7
063	7
2801	7
power's	7
4-0	7
sandusky	7
spit	7
eamer	7
120-15	7
flowing	7
543	7
repaired	7
women	7
183	7
breaker	7
3-5	7
kitten	7
popped	7
13395	7
bleed	7
martinez	7
16-9	7
194	7
ventilation	7
reasons	7
groceries	7
1243	7
richwood	7
hypodermics	7
14615	7
13123	7
33-year-old	7
host	7
taps	7
724	7
wendy's	7
2-19	7
2127	7
america	7
commands	7
keypad	7
2063	7
flooding	7
pouring	7
mar	7
1225	7
dazen	7
occupancy	7
13728	7
slept	7
2326	7
ct	7
smash	7
ex-girlfriend	7
bloody	7
daily	7
626	7
smaller	7
husband's	7
alleging	7
canal	7
1603	7
11822	7
indian	7
743	7
10-07	7
12505	7
fries	7
spraying	7
1304	7
feces	7
perez	7
1646	7
1525	7
10-tag	7
hallways	7
gates	7
image	7
beth	7
fentanyl	7
considering	7
meth	7
1811	7
12543	7
decent	7
20-23	7
2201	7
pharmacy	7
butler	7
356	7
number's	7
20-20	7
1261	7
1587	7
swap	7
laceration	7
66-year-old	7
infected	7
williamson	7
2163	7
usual	7
philip	7
darnell	7
privately	7
doorway	7
powell	7
expansion	7
grayish	7
1645	7
11829	7
westside	7
1218	7
3126	7
convoy	7
1478	7
levels	7
rectal	7
380	7
unite	7
pierce	7
604	7
crosstrek	7
15319	7
2196	7
doghouse	7
stephen	7
bush	7
counselor	7
339	7
springfield	7
complains	7
929	7
73rd	7
bumps	7
353	7
strategy	7
thunder	7
threaten	7
10's	7
1489	7
retrieving	7
447	7
candy	7
flew	7
employee's	7
2097	7
137	7
sterling	7
ware	7
stadium	7
restaurants	7
634	7
18-year-old	7
1129	7
bowling	7
393	7
1917	7
396	7
coyote	7
whittier	7
cutter	7
vandalism	7
glover	7
lined	7
imagine	7
ballard	7
2043	7
bella	7
bicycles	7
zimmerman	7
1113	7
13229	7
reader	7
rollover	7
5527	7
1524	7
avalon	7
forced	7
buzzing	7
16725	7
disturbed	7
lagoons	7
warranty	7
unaware	7
skinned	7
sweats	7
cookies	7
annex	7
nuance	7
1970	7
spend	7
nike	7
vanguard	7
938	7
carts	7
multifamily	7
shield	7
492	7
spent	7
christie	7
leroy	7
digging	7
knees	7
armstrong	7
19-4	7
incorrect	7
ate	7
1773	7
column	7
condominium	7
ortiz	7
voices	7
lakeside	7
015	7
12200	7
7117	7
1022	7
collette	7
dickinson	7
118-55	7
unreadable	7
12029	7
victims	7
11711	7
niece	7
melody	7
shine	7
905	7
1638	7
concert	7
dirt	7
1835	7
armen	7
passport	7
mc	7
wear	7
coffman	7
oceanora	7
1280	7
dispensary	7
1246	7
ideas	7
50-60	7
belts	7
chased	7
maurer	7
uncomfortable	7
org	7
424	7
wilkins	7
emerald	7
besides	7
machines	7
625	7
070	7
devon	7
1825	7
2074	7
1979	7
miguel	7
infiniti	7
specialty	7
lance	7
fishing	7
root	7
harley	7
1954	7
1951	7
1689	7
tougher	7
2285	7
12202	7
bearing	7
lifelock	7
earl	7
4100	7
nonverbal	7
amo	7
engine3	7
10410	7
1991	7
enfor	7
unfort	7
descended	7
14881	7
10421	7
2052	7
774	7
2920	7
10422	7
forties	7
14117	7
deshaun	7
'30	7
ivan	7
loaner	7
nebraskamed	7
manufacturer	7
logic	7
overdraft	7
wellsfargo	7
disclosures	7
madison's	6
daughters	6
44th	6
dakota	6
failing	6
sweat	6
grainger's	6
humming	6
764	6
lay	6
avenger	6
maker	6
787	6
miracle	6
touring	6
2068	6
schmidt	6
erica	6
arts	6
3250	6
issuing	6
amir	6
0-9	6
brace	6
futures	6
financial	6
sipc	6
fletcher	6
captured	6
armin	6
industrial	6
1571	6
hernandez	6
nevermind	6
65-year-old	6
2192	6
bang	6
witnessed	6
16819	6
1191	6
shattered	6
hillyard	6
hayden	6
819	6
felonies	6
damn	6
edgeworth	6
resolved	6
milo	6
emotional	6
sets	6
2235	6
schultz	6
64-year-old	6
material	6
industry	6
supply	6
30-year-old	6
independent	6
975	6
vaccine	6
karma	6
11713	6
plug	6
rich	6
1939	6
lansing	6
determined	6
642	6
alexandria	6
matic	6
juliet	6
dtl	6
leaf	6
dm	6
resource	6
sienna	6
2599	6
non-appearance	6
suffering	6
degrees	6
string	6
24-3	6
courtyard	6
quarantine	6
hawkins	6
15-0	6
1906	6
contract	6
somerville	6
fur	6
3330	6
outlander	6
2-2	6
205a	6
agrees	6
537	6
curtin	6
934	6
incorporated	6
creations	6
2256	6
ha	6
1101	6
1037	6
destroying	6
toes	6
2165	6
carabelle	6
marion	6
3-year-old	6
universe	6
bartenders	6
1237	6
712	6
trayton	6
atl	6
055	6
huge	6
pops	6
clement	6
helpful	6
7-year-old	6
bobby	6
retire	6
toys	6
poison	6
tables	6
lifted	6
dental	6
checkpoint	6
costanza	6
1837	6
tightness	6
1000	6
accusing	6
clay	6
saving	6
hogsback	6
handles	6
mara	6
quit	6
wife's	6
tear	6
20-26	6
belle's	6
enrollment	6
6'4	6
tough	6
theater	6
non-compliant	6
dealership	6
out-of-state	6
basin	6
important	6
schaefer	6
driveway's	6
clare	6
largemont	6
strength	6
gina	6
result	6
choice	6
traver	6
solon	6
545	6
radio's	6
hampton	6
tube	6
booker	6
admin	6
filming	6
digits	6
349	6
versa	6
scarf	6
514	6
110th	6
elise	6
52-year-old	6
1453	6
pacifica	6
375	6
waiver	6
managed	6
18240	6
westland	6
13306	6
straighten	6
regional	6
speakers	6
1593	6
bouncing	6
ox	6
577	6
147-01	6
1637	6
bombs	6
spawn	6
775	6
390	6
gerald	6
scene's	6
1189	6
expressed	6
ut	6
matrix	6
mariah	6
fingers	6
northlands	6
2094	6
2189	6
143060	6
1-4401	6
detection	6
343	6
2225	6
unloading	6
essay	6
1950	6
osborne	6
necessary	6
clears	6
583	6
6-11	6
009	6
culture	6
matters	6
leased	6
painesville	6
frequent	6
10-26	6
propane	6
england	6
clarification	6
1143	6
man's	6
payout	6
toy	6
evergreen	6
closet	6
1028	6
wanda	6
tc	6
turkey	6
1606	6
parkland	6
becker	6
delete	6
hank	6
owens	6
1561	6
equipped	6
sleeves	6
1926	6
12002	6
rack	6
118-68	6
2a	6
bounce	6
relative	6
jailor	6
excited	6
corrected	6
11841	6
jerk	6
disruptive	6
1339	6
048	6
holly	6
gardner	6
minimum	6
795	6
difficulties	6
45-year-old	6
crap	6
364	6
suvs	6
minimal	6
stella	6
942	6
burton	6
diabetes	6
credits	6
banana	6
strait	6
fairview's	6
crew's	6
bias	6
connie	6
dh	6
releasing	6
rule	6
girl's	6
angelina	6
commute	6
disturbing	6
unrelated	6
disposition	6
katie	6
thorough	6
1-1	6
boise	6
forms	6
chuck	6
450	6
tiny	6
unwarned	6
stronger	6
tony's	6
20-30	6
feedback	6
tribal	6
kurt	6
climbed	6
logged	6
recap	6
hunting	6
treating	6
invite	6
811	6
conflict	6
bmv	6
axe	6
horton	6
arman	6
inventory	6
smoked	6
neon	6
tries	6
royal	6
2089	6
376	6
signal's	6
387	6
dj	6
504	6
shoveling	6
2911	6
hazardous	6
1041	6
cooks	6
mateo	6
windup	6
unstuck	6
576	6
procedure	6
daycare	6
clearly	6
dirty	6
363	6
pin	6
justice	6
1455	6
481	6
15707	6
depart	6
2255	6
933	6
huff	6
staller	6
sunroof	6
desires	6
rico	6
juan	6
wrist	6
coffner	6
coats	6
pages	6
332	6
1-4100	6
weaver	6
larkin	6
rat	6
identification	6
foods	6
vet	6
helper	6
spec	6
pickle	6
coles	6
2411	6
22-year-old	6
flashback	6
2046	6
stool	6
denying	6
evacuated	6
demolish	6
2049	6
roofing	6
sydney	6
2090	6
length	6
816	6
3b	6
1454	6
14032	6
12-30	6
11-10	6
lately	6
2600	6
780	6
typing	6
1185	6
1353	6
1182	6
louise	6
1367	6
1127	6
breeze	6
14221	6
willow	6
ghana	6
1401	6
445	6
1714	6
ontario	6
1089	6
springer	6
1271	6
outlets	6
lfd's	6
1639	6
2233	6
lips	6
22's	6
640	6
permitted	6
heroin	6
norman	6
knowledge	6
13100	6
hate	6
11810	6
carried	6
732	6
sunglasses	6
15-7	6
035	6
valinor	6
beside	6
expected	6
re-advise	6
animals	6
436	6
clicking	6
soliciting	6
doubt	6
15325	6
16802	6
detergent	6
munich	6
tripped	6
1205	6
1542	6
eli	6
357	6
2070	6
repairs	6
victim's	6
448	6
interest	6
2093	6
indicated	6
barker	6
1003	6
1-5	6
among	6
8am	6
harden	6
urine	6
1364	6
miranda	6
446	6
russia	6
384	6
brands	6
1457	6
1234	6
carlo	6
willis	6
cone	6
lighted	6
944	6
117s	6
washland	6
sanchez	6
lifts	6
bathtub	6
1147	6
reduced	6
swung	6
hutchinson	6
1821	6
ponytail	6
prime	6
router	6
1216	6
18414	6
13396	6
forging	6
mushrooms	6
ventilating	6
fairly	6
10-year-old	6
recognize	6
wynn	6
19's	6
corvette	6
billman	6
presence	6
cement	6
2044	6
16512	6
7540	6
17844	6
opd	6
457	6
tyrone	6
waved	6
martha	6
merchandise	6
773	6
lexington	6
seats	6
stamp	6
8140	6
suspensions	6
499	6
andy	6
curve	6
052	6
1208	6
11-20	6
1716	6
bun	6
newspaper	6
forecast	6
anita	6
72-hour	6
18514	6
919	6
respiratory	6
elena	6
withdrawal	6
652	6
kona	6
2084	6
coleman	6
execute	6
2191	6
long-sleeved	6
pike	6
specifically	6
yell	6
brett	6
13436	6
tulsa	6
revving	6
rubbing	6
18725	6
582	6
1826	6
fleeing	6
emmanuel	6
472	6
184	6
lip	6
popping	6
gallon	6
1923	6
1461	6
17033	6
1316	6
colette	6
benches	6
transmitting	6
angelo	6
1921	6
17436	6
autism	6
cooperating	6
madden	6
2213	6
18520	6
lavelle	6
recheck	6
scratches	6
protecting	6
12806	6
jurisdiction	6
1579	6
801	6
inc	6
1588	6
urinated	6
carroll	6
revoked	6
13000	6
1108	6
wired	6
victorian	6
now's	6
designer	6
blazers	6
wallets	6
seiko	6
ignition	6
discount	6
soar	6
nude	6
1286	6
3900	6
dan	6
o'reilly	6
enjoying	6
password	6
rawson	6
baltic	6
1307	6
149-16	6
expedition	6
11729	6
patel	6
524	6
1972	6
rite	6
branches	6
358	6
printout	6
12701	6
resend	6
extinguisher	6
taxes	6
entries	6
1204	6
bronze	6
buckeye	6
braids	6
2990	6
abusive	6
invalid	6
1235	6
11818	6
ranks	6
disturbances	6
crunch	6
2197	6
particular	6
1011	6
10720	6
twin	6
medicinal	6
1077	6
010	6
nonappearance	6
multi	6
6108	6
2650	6
engine2	6
18258	6
'18	6
1981	6
seventies	6
20375	6
17526	6
16108	6
10417	6
220107	6
2919	6
17221	6
1075	6
20104	6
025	6
1790	6
17420	6
10414	6
2270	6
10418	6
altimeter	6
29104	6
sized	6
nonstop	6
unfor	6
'80	6
experiences	6
pricey	6
conferred	5
99th	5
replacement	5
1709	5
vote	5
overtime	5
20-14	5
technician	5
1940	5
020	5
www	5
tanked	5
cal	5
worst	5
drum	5
2186	5
slippery	5
ballot	5
jesse	5
roadways	5
barricades	5
1063	5
2-18	5
state's	5
nah	5
berea's	5
atkinson	5
pans	5
sheena	5
8200	5
13-1	5
officially	5
bozeman	5
17433	5
sons	5
9-10-4	5
irene	5
082	5
051	5
stokes	5
bryan	5
15800	5
61-year-old	5
maximum	5
lily	5
spaces	5
odyssey	5
warrens	5
cali	5
15115	5
kick	5
flashers	5
2-14	5
dam	5
instructed	5
2206	5
prepared	5
9-17	5
minors	5
francisco	5
1390	5
25-7	5
15620	5
rochester	5
benchmark	5
medi-q's	5
1378	5
flu	5
coach	5
spigot	5
frequently	5
solutions	5
unavailable	5
loves	5
542	5
steady	5
8-0	5
1030	5
inhaler	5
0-3	5
laker	5
snake	5
unrivaled	5
cousins	5
27-7	5
bake	5
18206	5
mcdowell	5
braxton	5
awaiting	5
devante	5
singletary	5
pcs	5
draft	5
gap	5
convenient	5
monroe	5
28-6	5
cigarettes	5
westley	5
11906	5
tuned	5
isaac	5
tl	5
189-15	5
yacht	5
12925	5
restricted	5
niner	5
simpson	5
waterline	5
buried	5
quarters	5
scenes	5
filter	5
1408	5
18515	5
29-9	5
civilian	5
preg-	5
bend	5
1112	5
177th	5
dominion	5
king's	5
12530	5
policy	5
enforce	5
1785	5
westing	5
hoffman	5
passable	5
90th	5
contra	5
rode	5
rehab	5
1572	5
hired	5
boy's	5
hillier	5
museum	5
12905	5
2268	5
4-way	5
4-6	5
gym	5
unruly	5
sylvia	5
stomping	5
turret	5
timing	5
algeria	5
opt	5
9384	5
fuck	5
2926	5
bc	5
480	5
backfill	5
virgin	5
cs	5
daryl	5
3127	5
adjourned	5
led	5
004	5
purchases	5
997	5
bl	5
mommy's	5
001	5
noncompliant	5
595	5
hidden	5
un	5
degree	5
accidents	5
9667	5
pearson	5
kelsey	5
gunpoint	5
playback	5
alerted	5
turnout	5
pci	5
torch	5
greece	5
5117	5
6133	5
settle	5
627	5
archer	5
vegan	5
127th	5
423	5
courtroom	5
vodka	5
29-4	5
flu-like	5
79-year-old	5
drawing	5
2082	5
desert	5
dave's	5
retain	5
sherman	5
squeeze	5
cherry	5
spitting	5
e3	5
15607	5
2143	5
90s	5
extended	5
ol	5
ta	5
suffered	5
waist	5
braden	5
nc	5
judith	5
17443	5
2114	5
cm	5
brady	5
mullet	5
noir	5
yale	5
1118	5
1169	5
78-year-old	5
cooked	5
cadet	5
establishment	5
sector	5
disagree	5
hostage	5
norm	5
teach	5
2106	5
persona	5
zaxby's	5
wings	5
9941	5
fixer	5
pinch	5
383	5
362	5
28-7	5
9196	5
forever	5
29's	5
strap	5
14837	5
17503	5
expert	5
2426	5
reed	5
venture	5
oakland	5
coffin	5
941	5
alexia	5
tobias	5
nuts	5
shit	5
suspend	5
trader	5
699	5
1451	5
heated	5
carr	5
21-plus	5
1504	5
156-07	5
score	5
834	5
32-year-old	5
restraint	5
deandre	5
arnold	5
10-16f	5
eastside	5
14805	5
mattis	5
term	5
4runner	5
trayvon	5
24-5	5
plot	5
4532	5
humber	5
496	5
finley	5
radiator	5
11926	5
elevated	5
departing	5
mcdonnell	5
adverse	5
litter	5
forwarded	5
endangerment	5
caliber	5
barrett	5
papers	5
linking	5
126th	5
1115	5
sands	5
stripes	5
cheyenne	5
poured	5
comp	5
14909	5
1412	5
1729	5
slides	5
urban	5
antoine	5
014	5
parkhaven	5
stretch	5
pleasant	5
pond	5
triscuit	5
dion	5
437	5
directed	5
southside	5
9720	5
self-harm	5
housing	5
140-100	5
show's	5
4-9	5
20-19	5
sappel's	5
rosalie	5
bonner	5
8504	5
kylie	5
1971	5
prepare	5
favorite	5
zion	5
4-10	5
purpose	5
20-40	5
40th	5
malley	5
554	5
donut	5
pen	5
127-00	5
venice	5
6am	5
dates	5
1960	5
evacuate	5
13506	5
psychiatric	5
robertsham	5
blackwood	5
1194	5
6-year-old	5
ops	5
als	5
carries	5
elbert	5
fob	5
4701	5
constance	5
2092	5
20's	5
crocs	5
cathy	5
9-0-0	5
coven	5
14534	5
watts	5
flies	5
carpet	5
12021	5
69-year-old	5
wooster	5
7-eleven	5
16165	5
12976	5
sam's	5
covington	5
loaded	5
1173	5
1263	5
gs	5
idawood	5
thresh	5
2182	5
homeowner's	5
prevent	5
profusely	5
gass	5
008	5
wynton	5
flight's	5
afterwards	5
arrangements	5
7147	5
sprinkler	5
1078	5
885	5
woodyard	5
1596	5
park's	5
8-year-old	5
simone	5
442	5
coe	5
1198	5
orlando	5
cassandra	5
1736	5
internet's	5
seizing	5
hit-skipped	5
2087	5
12920	5
ahmed	5
783	5
559	5
2250	5
1-17	5
fairfield	5
saved	5
reads	5
clicked	5
grafton	5
648	5
valet	5
seattle	5
17-1	5
salmon	5
become	5
diagnosis	5
washer	5
lightning	5
roughly	5
broad	5
1722	5
carmel	5
snowplow	5
senate	5
cl	5
disabilities	5
float	5
vernon	5
specimen	5
facetime	5
underground	5
14914	5
12206	5
1911	5
announced	5
t's	5
chad	5
644	5
1576	5
skull	5
refuge	5
minnesota	5
bucket	5
phillip	5
single-family	5
cues	5
tons	5
hunched	5
wagner	5
1024	5
sprayed	5
withdrawing	5
592	5
11819	5
jarvis	5
x-rays	5
recreation	5
elmer	5
elger	5
ramsey	5
636	5
italia	5
attach	5
folder	5
timber	5
lakeville	5
hotline	5
7-15	5
deter	5
528	5
1055	5
complaint's	5
1467	5
db	5
13322	5
rude	5
leslie	5
passes	5
2218	5
fainted	5
1804	5
2712	5
resume	5
15-minute	5
copyright	5
dig	5
cantlin	5
addressed	5
1928	5
afford	5
binoculars	5
clegg	5
1a	5
beam	5
gtmv	5
mailing	5
debit	5
psychological	5
rotten	5
strike	5
1801	5
2239	5
cease	5
6pm	5
2162	5
molly	5
534	5
1048	5
shock	5
equals	5
santiago	5
harassment	5
824	5
ovr	5
cliftonville	5
computers	5
rear-ended	5
494	5
033	5
1150	5
vicki	5
hysterical	5
accounts	5
freaking	5
olivia	5
concealed	5
appearing	5
1032	5
jerome	5
korean	5
348	5
pablo's	5
361	5
resting	5
drooping	5
37-year-old	5
interview	5
1-7-2	5
15514	5
difference	5
exiting	5
1552	5
585	5
4204	5
mbc	5
뉴스	5
dumped	5
borders	5
howdy	5
pitch	5
lester	5
deliveries	5
shoving	5
marvin	5
13740	5
notifying	5
1203	5
jewelry	5
motorists	5
3203	5
isolated	5
laptop	5
reyes	5
433	5
fog	5
comms	5
1-i	5
1602	5
easton	5
385	5
desmond	5
vessel	5
andrew's	5
impeding	5
albuquerque	5
activate	5
002	5
10-40	5
1809	5
bq	5
walkout	5
spilling	5
smashed	5
closure	5
o'donnell	5
tabitha	5
dss	5
oceantown	5
deontay	5
2144	5
quest	5
mowing	5
quincy	5
1114	5
lel	5
initials	5
vr	5
fellow	5
sunset	5
buns	5
tj's	5
skateboarding	5
18204	5
2332	5
liam	5
11-15	5
lyman	5
sister-in-law	5
spin	5
fucking	5
immediate	5
19-1	5
1726	5
microwave	5
decon	5
perkins	5
2142	5
blankenship	5
596	5
stairway	5
cozumel	5
sexual	5
792	5
chamber	5
sooner	5
canon	5
427	5
2076	5
flare	5
simmons	5
17625	5
downing	5
12-year-old	5
079	5
dwayne	5
everest	5
carter's	5
exchanging	5
laughing	5
margin	5
arraignment	5
codes	5
1699	5
1682	5
894	5
therapy	5
r2	5
bulls	5
bells	5
fitzgerald	5
17514	5
2263	5
20-10	5
1328	5
185-16	5
snyder	5
tristan	5
loitering	5
multicolored	5
gabrielle	5
889	5
18891	5
9902	5
bailed	5
pathway	5
hub	5
jackie	5
1664	5
14-8	5
baxterley	5
former	5
6776	5
almeda	5
1942	5
views	5
12221	5
resolve	5
1740	5
fema	5
470	5
limp	5
2159	5
neighboring	5
4-8	5
detectives	5
874	5
media	5
mustache	5
xavier	5
13230	5
7-10	5
laurel	5
2066	5
6407	5
145-67	5
maddison	5
fictitious	5
hose	5
confusion	5
partly	5
12901	5
advent	5
553	5
555	5
labor	5
sallyport	5
joggers	5
arabic	5
enlargement	5
alvarez	5
120-29	5
drank	5
disney	5
brownstone	5
2078	5
somerset	5
drops	5
official	5
behavioral	5
1563	5
assure	5
nap	5
collected	5
bonita	5
11715	5
venue	5
2101	5
12958	5
ideations	5
blazer	5
motorcycles	5
trim	5
celebrating	5
experts	5
scrapes	5
bruises	5
carol	5
13919	5
1125	5
13454	5
14-7	5
1350	5
hull	5
song	5
3104	5
lucy	5
packed	5
2151	5
2367	5
suppose	5
1815	5
gamble	5
842	5
carrefour	5
1193	5
2241	5
turquoise	5
dewey	5
frey	5
1915	5
16401	5
opportunity	5
supplement	5
belonging	5
13476	5
1362	5
alleged	5
8190	5
passat	5
navyfederal	5
camper	5
mentor	5
stickers	5
paul's	5
premises	5
17469	5
1922	5
seltos	5
9854	5
badly	5
olatako	5
forfeiture	5
vin's	5
2167	5
tue	5
harlow's	5
cbd	5
mays	5
8-10-4	5
13705	5
557	5
1306	5
fri	5
lesson	5
abusing	5
lightly	5
1214	5
roundstone	5
10a	5
bumped	5
bishop	5
pablo	5
twenty-five	5
contained	5
primaries	5
input	5
unlimited	5
mailboxes	5
detain	5
pasta	5
wows	5
1706	5
1968	5
1935	5
thermal	5
miscellaneous	5
382	5
1920	5
10s	5
14229	5
1916	5
153-15	5
strokes	5
woodstock	5
noncompliance	5
swimmer	5
1448	5
2547	5
1254	5
battle	5
1013	5
939	5
18200	5
brand	5
gallo	5
irving	5
shepherd	5
547	5
13114	5
lenses	5
restriction	5
1824	5
1087	5
foundry	5
sauce	5
convictions	5
13389	5
upgrade	5
wise	5
10104	5
britney	5
ends	5
759	5
3120	5
11815	5
twenties	5
unfore	5
raining	5
771	5
'50	5
4107	5
darwin	5
chapman	5
idm	5
1027	5
bacon	5
2517	5
fifteen's	5
25117	5
kinking	5
resecure	5
pepsi	5
embassy	5
disable	5
seven's	5
mcginty	5
16719	5
validate	5
12006	5
1965	5
gonzales	5
behavior	5
julian	5
curtland	5
21104	5
12107	5
avail	5
caves	5
adventure	5
mainstream	5
jdpower	5
19117	5
jaden	5
piedmont	5
explore-platinum	5
17100	5
educational	5
2978	5
lhs	5
10412	5
biggie	5
diy	5
10426	5
